CREATE DATABASE  IF NOT EXISTS `car_data` /*!40100 DEFAULT CHARACTER SET utf8mb3 */ /*!80016 DEFAULT ENCRYPTION='N' */;
USE `car_data`;
-- MySQL dump 10.13  Distrib 8.0.36, for Win64 (x86_64)
--
-- Host: localhost    Database: car_data
-- ------------------------------------------------------
-- Server version	8.3.0

/*!40101 SET @OLD_CHARACTER_SET_CLIENT=@@CHARACTER_SET_CLIENT */;
/*!40101 SET @OLD_CHARACTER_SET_RESULTS=@@CHARACTER_SET_RESULTS */;
/*!40101 SET @OLD_COLLATION_CONNECTION=@@COLLATION_CONNECTION */;
/*!50503 SET NAMES utf8 */;
/*!40103 SET @OLD_TIME_ZONE=@@TIME_ZONE */;
/*!40103 SET TIME_ZONE='+00:00' */;
/*!40014 SET @OLD_UNIQUE_CHECKS=@@UNIQUE_CHECKS, UNIQUE_CHECKS=0 */;
/*!40014 SET @OLD_FOREIGN_KEY_CHECKS=@@FOREIGN_KEY_CHECKS, FOREIGN_KEY_CHECKS=0 */;
/*!40101 SET @OLD_SQL_MODE=@@SQL_MODE, SQL_MODE='NO_AUTO_VALUE_ON_ZERO' */;
/*!40111 SET @OLD_SQL_NOTES=@@SQL_NOTES, SQL_NOTES=0 */;

--
-- Temporary view structure for view `car_details`
--

DROP TABLE IF EXISTS `car_details`;
/*!50001 DROP VIEW IF EXISTS `car_details`*/;
SET @saved_cs_client     = @@character_set_client;
/*!50503 SET character_set_client = utf8mb4 */;
/*!50001 CREATE VIEW `car_details` AS SELECT 
 1 AS `Car_ID`,
 1 AS `Car_Name`,
 1 AS `Make_Year`,
 1 AS `Color`,
 1 AS `Mileage_Run`,
 1 AS `No_of_Owners`,
 1 AS `Engine_Type`,
 1 AS `Fuel_Type`,
 1 AS `CC_Displacement`,
 1 AS `Power(BHP)`,
 1 AS `Torque(Nm)`,
 1 AS `Mileage(kmpl)`,
 1 AS `Emission`,
 1 AS `Make`,
 1 AS `Model`,
 1 AS `Body_Type`,
 1 AS `Seating_Capacity`,
 1 AS `Fuel_Tank_Capacity(l)`,
 1 AS `Transmission`,
 1 AS `Transmission_Type`,
 1 AS `Price`*/;
SET character_set_client = @saved_cs_client;

--
-- Table structure for table `car_list`
--

DROP TABLE IF EXISTS `car_list`;
/*!40101 SET @saved_cs_client     = @@character_set_client */;
/*!50503 SET character_set_client = utf8mb4 */;
CREATE TABLE `car_list` (
  `Car_ID` smallint NOT NULL,
  `Car_Name` text,
  `Make_Year` bigint DEFAULT NULL,
  `Make_Model_ID` int DEFAULT NULL,
  `Engine_ID` int DEFAULT NULL,
  `Transmission_ID` int DEFAULT NULL,
  `Color` text,
  `Mileage_Run` text,
  `No_of_Owners` text,
  `Price` text,
  PRIMARY KEY (`Car_ID`),
  KEY `FK_EngineInfo` (`Engine_ID`),
  KEY `FK_MakeModelInfo` (`Make_Model_ID`),
  KEY `FK_TransmissionInfo` (`Transmission_ID`),
  CONSTRAINT `FK_EngineInfo` FOREIGN KEY (`Engine_ID`) REFERENCES `engines_info` (`Engine_ID`),
  CONSTRAINT `FK_MakeModelInfo` FOREIGN KEY (`Make_Model_ID`) REFERENCES `make_model_info` (`Make_Model_ID`),
  CONSTRAINT `FK_TransmissionInfo` FOREIGN KEY (`Transmission_ID`) REFERENCES `transmission_info` (`Transmission_ID`)
) ENGINE=InnoDB DEFAULT CHARSET=utf8mb3;
/*!40101 SET character_set_client = @saved_cs_client */;

--
-- Dumping data for table `car_list`
--

LOCK TABLES `car_list` WRITE;
/*!40000 ALTER TABLE `car_list` DISABLE KEYS */;
INSERT INTO `car_list` VALUES (1,'Volkswagen Ameo [2016-2017] Highline 1.5L AT (D)',2017,97,82,7,'silver','44611','1st','7422.05'),(2,'Hyundai i20 Active [2015-2020] 1.2 SX',2016,28,51,4,'red','20305','1st','7704.47'),(3,'Hyundai Elite i20 [2014-2018] Asta 1.2 (O)',2016,21,35,4,'grey','30797','2nd','6450.52'),(4,'Honda WR-V VX i-VTEC',2019,16,177,4,'white','29540','2nd','8958.43'),(5,'Honda Mobilio [2014-2017] S Petrol',2015,15,76,4,'grey','48947','1st','6631.27'),(6,'Renault Kwid 1.0 RXT AMT',2017,76,12,4,'bronze','35680','1st','4676.91'),(7,'Honda Amaze [2013-2018] 1.2 VX AT i-VTEC',2017,10,122,4,'white','37315','1st','7105.74'),(8,'Hyundai Grand i10 [2017-2020] Asta 1.2 Kappa VTVT',2017,24,222,4,'orange','25126','1st','5817.89'),(9,'Maruti Suzuki Swift VXI AMT',2022,60,283,4,'silver','11047','1st','8111.16'),(10,'Hyundai Elite i20 [2014-2018] Sportz 1.2',2016,21,221,4,'red','52261','1st','6823.32'),(11,'Hyundai i10 [2010-2016] Sportz 1.2 Petrol',2013,26,143,4,'silver','24858','1st','4473.57'),(12,'Toyota Etios [2010-2017] G',2014,93,116,4,'grey','72359','1st','5716.22'),(13,'Hyundai Venue S 1.2',2022,32,32,4,'blue','4839','1st','9907.37'),(14,'Maruti Suzuki Dzire [2017-2020] ZXI',2017,50,44,4,'blue','36922','2nd','6710.35'),(15,'Hyundai i10 [2010-2016] Sportz AT Petrol',2013,26,142,1,'silver','72356','1st','4089.47'),(16,'Hyundai Verna [2017-2020] 1.6 CRDI SX',2018,33,155,5,'white','55760','1st','10325.35'),(17,'Hyundai Elite i20 [2014-2018] Sportz 1.2',2015,21,221,4,'red','77836','1st','6145.50'),(18,'Volkswagen Vento [2010-2015] Highline Petrol',2014,100,240,4,'silver','68269','2nd','5795.30'),(19,'Honda Brio [2011-2016] V MT',2012,11,108,4,'grey','28108','2nd','3569.81'),(20,'Maruti Suzuki Alto 800 Vxi',2020,45,150,4,'silver','6301','1st','4078.17'),(21,'Tata Harrier XZ',2019,84,231,5,'grey','92603','1st','16030.28'),(22,'Renault Kwid [2015-2019] RXT',2017,76,243,4,'grey','29907','1st','4123.36'),(23,'Hyundai Grand i10 Nios Sportz AMT 1.2 Kappa VTVT',2021,25,37,4,'blue','16304','1st','8020.79'),(24,'Renault Kwid 1.0 RXT Opt',2019,76,246,4,'bronze','26350','2nd','4428.38'),(25,'Hyundai Elite i20 [2014-2018] Sportz 1.4 CRDI',2016,21,92,5,'white','41218','1st','6958.88'),(26,'Renault Triber RXT',2020,79,27,4,'yellow','35400','1st','6924.99'),(27,'Maruti Suzuki Ertiga [2012-2015] Vxi',2015,52,193,4,'brown','5475','1st','7794.85'),(28,'Chevrolet Cruze [2009-2017] LTZ AT',2013,2,282,5,'white','71450','1st','6755.54'),(29,'Hyundai Grand i10 Nios Sportz AMT 1.2 Kappa VTVT',2022,25,37,4,'blue','4305','1st','8461.36'),(30,'Hyundai Venue [2019-2022] SX Plus 1.0 Turbo DCT',2019,32,215,7,'grey','32395','1st','10946.68'),(31,'Renault Triber RXZ AMT',2020,79,28,4,'yellow','62659','1st','8325.80'),(32,'Ford EcoSport [2015-2017] Trend 1.5L TDCi',2017,5,75,4,'bronze','43112','1st','6992.77'),(33,'Tata Safari XZA Plus',2021,89,232,5,'grey','15059','1st','23723.45'),(34,'Maruti Suzuki Swift [2017-2021] ZXI',2019,60,283,4,'white','31994','1st','7523.72'),(35,'Maruti Suzuki Dzire [2017-2020] ZXi Plus',2018,50,44,4,'brown','59847','1st','7501.13'),(36,'Toyota Yaris [2018-2021] J CVT',2020,96,63,9,'white','13768','1st','11737.46'),(37,'Tata Punch Creative Kaziranga Edition',2022,88,49,4,'beige','3174','1st','9692.72'),(38,'Hyundai Verna [2017-2020] 1.6 CRDI SX (O)',2018,33,158,5,'white','83607','1st','11601.90'),(39,'Hyundai Elite i20 [2014-2018] Asta 1.2',2015,21,221,4,'silver','33439','2nd','6495.71'),(40,'Renault Duster [2015-2019] 110 PS RXZ 4X2 AMT',2017,74,129,5,'orange','70137','1st','9715.32'),(41,'Honda WR-V i-DTEC VX',2018,16,175,5,'silver','81799','1st','9511.97'),(42,'Toyota Yaris [2018-2021] J',2018,96,63,5,'white','35913','2nd','7681.88'),(43,'Volkswagen Polo [2018-2020] Highline Plus 1.0 (P)',2019,99,23,4,'silver','30378','1st','8382.29'),(44,'Hyundai Elite i20 [2018-2020] Magna Executive 1.2',2018,21,228,4,'blue','19056','1st','7060.55'),(45,'Nissan Magnite XV Premium Turbo CVT (O)',2022,71,20,9,'red','5129','1st','12098.96'),(46,'Volkswagen Ameo [2016-2020] Highline1.2L Plus (P)',2017,97,235,4,'brown','32492','1st','6405.33'),(47,'Hyundai Venue SX 1.0  Turbo',2021,32,216,5,'blue','8873','1st','11793.94'),(48,'Maruti Suzuki Celerio [2014-2021] VXi',2014,48,195,4,'yellow','22598','1st','4191.14'),(49,'Hyundai Verna [2011-2015] Fluidic 1.6 CRDi SX Opt AT',2014,33,156,1,'blue','78297','2nd','7218.71'),(50,'Hyundai Creta [2018-2020] 1.6 SX',2019,18,277,5,'grey','85981','1st','12155.45'),(51,'JEEP Compass [2017-2021] Limited 2.0 Diesel 4x4',2017,37,97,5,'white','50808','1st','18628.56'),(52,'Toyota Etios Liva [2017-2020] VX Dual Tone',2017,94,119,4,'blue','17791','1st','6631.27'),(53,'Hyundai i10 [2010-2016] Sportz Petrol',2016,26,143,4,'white','26910','2nd','4473.57'),(54,'Maruti Suzuki Alto 800 Vxi',2020,45,150,4,'grey','16384','1st','4428.38'),(55,'Tata Tiago Revotron XZ Plus',2020,90,257,4,'yellow','16123','1st','7071.85'),(56,'Maruti Suzuki Swift Dzire [2012-2017] ZXI',2014,63,192,4,'blue','28562','1st','6258.47'),(57,'Hyundai Eon [2011-2018] Magna +',2016,22,219,4,'red','47487','2nd','3615.00'),(58,'Hyundai Verna [2017-2020] 1.6 VTVT SX',2019,33,163,5,'white','40345','1st','11116.13'),(59,'Hyundai Grand i10 [2017-2020] Sportz 1.2 Kappa VTVT',2019,24,222,4,'grey','25632','1st','6540.89'),(60,'Maruti Suzuki Celerio [2014-2021] VXi AMT',2019,48,195,4,'grey','19550','1st','5727.52'),(61,'Volkswagen Ameo [2016-2020] Highline1.2L (P)',2017,97,235,4,'grey','33269','1st','6868.50'),(62,'Hyundai Elite i20 [2014-2018] Sportz 1.2',2017,21,221,4,'red','54233','1st','6619.97'),(63,'Tata Altroz XZ 1.2',2020,83,41,4,'golden','16329','1st','8743.79'),(64,'Volkswagen Polo [2014-2020] Highline 1.5 (D)',2015,99,268,4,'grey','53807','1st','6179.39'),(65,'Maruti Suzuki Baleno [2015-2019] Zeta Petrol',2017,47,55,4,'blue','33113','1st','7218.71'),(66,'Maruti Suzuki Swift [2017-2020] ZDi Plus',2018,61,139,4,'red','73950','1st','8732.49'),(67,'Maruti Suzuki Alto K10 [2010-2014] VXi',2011,46,189,4,'red','79565','1st','2677.36'),(68,'Hyundai Elite i20 [2014-2018] Asta 1.2 (O)',2015,21,35,4,'silver','37837','1st','6540.89'),(69,'Renault Lodgy [2015-2019] 110 PS RxL',2015,77,126,4,'silver','70520','1st','6947.58'),(70,'Maruti Suzuki Ignis [2017-2020] Zeta AMT Petrol',2018,53,50,4,'red','57286','1st','6258.47'),(71,'Honda Jazz VX MT',2015,14,30,4,'white','50735','2nd','5863.08'),(72,'Honda Amaze [2013-2018] 1.2 VX AT i-VTEC',2013,10,122,4,'white','10651','1st','6055.13'),(73,'Renault Triber RXZ',2019,79,27,4,'white','11074','1st','7749.66'),(74,'Tata Punch Accomplished AMT',2022,88,49,5,'white','3679','1st','9365.12'),(75,'Renault Kwid 1.0 RXL AMT',2020,76,10,4,'bronze','27664','1st','5151.38'),(76,'Tata Punch Creative IRA Dual Tone',2021,88,49,4,'bronze','6491','1st','9816.99'),(77,'Maruti Suzuki Baleno [2015-2019] Alpha Petrol',2017,47,55,4,'blue','15748','1st','7670.58'),(78,'Hyundai Elite i20 [2014-2018] Asta 1.2',2014,21,221,4,'white','96077','1st','5987.35'),(79,'Hyundai New i20 Asta (O) 1.0 Turbo DCT',2021,29,8,7,'red','13389','1st','12505.65'),(80,'Mahindra Scorpio [2017-2020] S9',2019,39,233,5,'black','42905','1st','15804.34'),(81,'Maruti Suzuki Ritz [2012-2017] Vxi',2015,56,186,4,'red','14593','1st','4518.75'),(82,'Maruti Suzuki Alto K10 [2014-2019] VXi (O)',2017,46,196,4,'grey','30406','1st','4145.96'),(83,'Chevrolet Beat [2014-2017] LS Diesel',2015,1,9,4,'red','42222','1st','4021.69'),(84,'Maruti Suzuki Ciaz [2014-2017] ZXi AT',2015,49,3,1,'white','30228','1st','6913.69'),(85,'Hyundai Grand i10 [2017-2020] Asta 1.2 Kappa VTVT',2018,24,222,4,'grey','60873','1st','6213.29'),(86,'Ford EcoSport [2013-2015] Titanium 1.5L TDCi (Opt)',2014,5,74,4,'silver','97902','1st','6348.85'),(87,'MG Motors Hector Plus Sharp 1.5 Petrol Turbo DCT 6-STR',2020,70,73,5,'black','44897','1st','18572.07'),(88,'Maruti Suzuki Ignis [2017-2020] Alpha AMT Petrol',2018,53,50,4,'blue','24811','1st','7455.94'),(89,'Hyundai Grand i10 [2017-2020] Magna 1.2 Kappa VTVT',2018,24,222,4,'grey','16760','1st','5896.97'),(90,'Maruti Suzuki Wagon R 1.0 [2010-2019] VXI',2013,67,188,4,'grey','55995','1st','3863.53'),(91,'Hyundai New i20 Asta (O) 1.0 Turbo DCT',2021,29,8,7,'red','56275','1st','11274.29'),(92,'Tata Altroz XZ 1.2',2021,83,41,4,'grey','9936','1st','8924.54'),(93,'Hyundai Elite i20 [2018-2020] Magna Plus 1.2',2019,20,223,4,'red','24860','1st','7896.52'),(94,'Hyundai Grand i10 [2013-2017] Asta 1.2 Kappa VTVT (O)',2016,24,224,4,'grey','20685','1st','5761.41'),(95,'Hyundai Eon [2011-2018] Magna +',2017,22,219,4,'red','18790','1st','4066.88'),(96,'Hyundai Verna [2017-2020] 1.6 CRDI SX (O)',2018,33,158,5,'silver','78981','1st','11432.44'),(97,'Honda City VX',2021,12,79,6,'white','12092','1st','15205.60'),(98,'Honda City ZX CVT',2021,12,77,7,'silver','7434','1st','17363.31'),(99,'Maruti Suzuki Alto 800 [2012-2016] Vxi',2015,45,146,4,'red','64323','1st','3117.94'),(100,'Maruti Suzuki S-Presso VXI+',2021,59,201,4,'red','2163','1st','5784.00'),(101,'Maruti Suzuki Baleno [2019-2022] Zeta AT Petrol',2019,47,56,4,'blue','27053','1st','9534.57'),(102,'Hyundai New i20 Asta (O) 1.2 MT',2021,29,39,4,'blue','10730','1st','10257.57'),(103,'Toyota Etios Liva [2017-2020] VX Dual Tone',2018,94,119,4,'white','18170','1st','7433.35'),(104,'Maruti Suzuki Baleno [2019-2022] Zeta AT Petrol',2019,47,56,4,'blue','27053','1st','9534.57'),(105,'Hyundai i10 [2010-2016] Magna 1.2 Petrol',2013,26,220,4,'red','32849','1st','3976.50'),(106,'Maruti Suzuki Alto 800 Lxi',2020,45,150,4,'red','22777','1st','4100.77'),(107,'Maruti Suzuki Baleno [2019-2022] Zeta AT Petrol',2019,47,55,4,'blue','27053','1st','9534.57'),(108,'Hyundai i10 [2010-2016] Era Petrol',2013,26,109,4,'white','37652','1st','3761.86'),(109,'Honda Brio [2011-2016] V MT',2012,11,108,4,'blue','66699','1st','4168.55'),(110,'Renault Kwid [2017-2019] CLIMBER 1.0 AMT',2019,76,247,4,'bronze','21996','1st','5738.82'),(111,'Maruti Suzuki Baleno [2019-2022] Zeta AT Petrol',2019,47,55,4,'blue','27053','1st','9534.57'),(112,'Maruti Suzuki Dzire [2017-2020] ZXi Plus AMT',2017,50,48,3,'blue','28833','1st','8913.24'),(113,'Maruti Suzuki S-Presso VXI',2019,59,202,4,'blue','3474','1st','4710.80'),(114,'Maruti Suzuki Ciaz Alpha Petrol',2020,49,212,4,'silver','19958','1st','10912.79'),(115,'Honda Jazz VX MT',2016,14,30,4,'red','48606','2nd','6439.22'),(116,'Hyundai Elite i20 [2014-2018] Asta 1.4 CRDI (O)',2016,21,276,5,'red','93446','1st','6653.86'),(117,'Maruti Suzuki Dzire [2017-2020] VDi AMT',2017,50,2,4,'brown','64458','1st','8190.24'),(118,'Ford EcoSport [2017-2021] Titanium 1.5L Ti-VCT',2021,5,271,4,'silver','15924','1st','10528.69'),(119,'Maruti Suzuki Baleno [2015-2019] Alpha Petrol',2016,47,55,4,'red','96236','1st','7218.71'),(120,'Renault Kiger RXT MT',2022,75,18,4,'blue','11031','1st','8303.21'),(121,'Hyundai Eon [2011-2018] Magna +',2018,22,219,4,'red','24428','1st','4383.19'),(122,'Maruti Suzuki Swift Dzire [2012-2017] VXi',2012,63,192,4,'silver','37258','1st','5309.53'),(123,'Maruti Suzuki Swift [2017-2021] ZXi AMT',2021,60,283,4,'white','9752','1st','8924.54'),(124,'Maruti Suzuki Celerio [2014-2021] VXi AMT',2014,48,195,3,'silver','33869','1st','5128.78'),(125,'Hyundai New i20 Asta 1.0 Turbo IMT',2020,29,8,5,'white','24360','1st','11070.94'),(126,'Maruti Suzuki Vitara Brezza [2018-2020] ZDI PLUS AT Dual Tone',2019,65,154,4,'red','15418','1st','12618.62'),(127,'Maruti Suzuki Ertiga [2012-2015] Vxi',2013,52,193,4,'silver','91796','1st','6981.47'),(128,'Toyota Etios [2010-2017] V',2013,93,116,4,'red','51187','1st','5524.18'),(129,'Tata Tiago [2016-2020] Revotron XT',2019,90,256,3,'grey','45607','1st','6190.69'),(130,'Mahindra TUV300 [2015-2020] T8 mHAWK100 AMT',2017,40,4,4,'blue','69939','1st','8992.32'),(131,'Hyundai Grand i10 Nios Sportz 1.2 Kappa VTVT',2021,25,38,4,'grey','1117','1st','8020.79'),(132,'Maruti Suzuki Swift [2017-2021] VXi',2020,60,283,4,'grey','8249','1st','7455.94'),(133,'Hyundai i10 [2010-2016] Magna Petrol',2016,26,110,4,'silver','35387','1st','4914.14'),(134,'Toyota Corolla Altis [2014-2017] G Petrol',2016,92,101,5,'black','47767','1st','10460.91'),(135,'Hyundai Grand i10 [2017-2020] Sportz (O) 1.2 kappa VTVT',2018,24,222,3,'blue','24745','1st','7015.36'),(136,'Maruti Suzuki Baleno [2015-2019] Alpha Petrol',2015,47,55,4,'blue','63035','2nd','6258.47'),(137,'MG Motors Hector 1.5 Sharp DCT AT',2020,69,166,5,'maroon','33433','1st','19306.37'),(138,'Hyundai Creta [2015-2018] 1.6 SX Plus Auto',2017,19,280,6,'red','66868','1st','14572.98'),(139,'Hyundai Grand i10 Nios Sportz 1.2 Kappa VTVT',2021,25,38,4,'blue','10514','1st','7659.29'),(140,'Maruti Suzuki Ciaz Alpha Petrol',2020,49,212,4,'white','40635','1st','11737.46'),(141,'Maruti Suzuki Eeco AC 5 STR',2020,51,125,4,'silver','26190','1st','5433.80'),(142,'Hyundai Creta [2015-2018] 1.6 SX Plus Auto',2017,19,280,6,'red','66868','1st','14572.98'),(143,'Honda City V',2019,12,172,4,'silver','24136','2nd','9681.43'),(144,'Hyundai Creta [2015-2018] 1.6 SX Plus Auto',2017,19,278,6,'red','66868','1st','14572.98'),(145,'Hyundai Creta [2015-2018] 1.6 SX Plus Auto',2017,19,278,6,'red','66868','1st','14572.98'),(146,'Maruti Suzuki Swift [2011-2017] VXI',2013,61,190,4,'white','47013','1st','4993.22'),(147,'Renault Kwid CLIMBER 1.0 AMT',2019,76,246,4,'blue','18638','1st','5456.39'),(148,'Honda WR-V VX i-VTEC',2017,16,177,4,'red','75639','1st','8450.07'),(149,'Hyundai Grand i10 [2017-2020] Magna 1.2 Kappa VTVT',2019,24,222,4,'grey','11734','1st','5987.35'),(150,'Chevrolet Beat [2011-2014] LS Diesel',2013,1,288,4,'blue','77022','1st','3016.27'),(151,'Hyundai Eon [2011-2018] Magna +',2013,22,219,4,'red','93653','2nd','2801.63'),(152,'JEEP Compass [2017-2021] Limited 2.0 Diesel',2017,37,98,5,'black','60049','1st','16945.32'),(153,'Renault Kwid [2015-2019] RXL',2018,76,244,4,'bronze','56387','1st','4157.25'),(154,'Maruti Suzuki Dzire [2017-2020] ZXi Plus AMT',2018,50,47,4,'blue','27902','1st','8574.33'),(155,'Maruti Suzuki Dzire [2017-2020] ZXi Plus AMT',2019,50,47,4,'brown','31330','2nd','8574.33'),(156,'Hyundai Xcent [2014-2017] SX Petrol',2015,36,34,4,'blue','66674','2nd','5140.08'),(157,'Hyundai Venue [2019-2022] SX Plus 1.0 Turbo DCT',2019,32,215,8,'red','23724','1st','12844.55'),(158,'Maruti Suzuki Celerio ZXi Plus',2022,48,199,4,'grey','6900','1st','7896.52'),(159,'Tata Harrier XZA Plus Dark Edition AT',2021,84,96,5,'black','38143','1st','22277.45'),(160,'Hyundai i10 [2010-2016] Magna 1.2 Petrol',2012,26,220,4,'red','49014','2nd','3795.75'),(161,'Maruti Suzuki Celerio [2014-2021] ZXi AMT',2017,48,195,3,'grey','43785','1st','6145.50'),(162,'Maruti Suzuki Ciaz Alpha AT Petrol',2021,49,210,1,'grey','13554','1st','12855.85'),(163,'Maruti Suzuki Ciaz [2014-2017] ZXI+',2015,49,207,4,'silver','56221','1st','7647.99'),(164,'Honda Amaze 1.5 VX CVT i-DTEC',2019,10,174,4,'white','29780','1st','11093.54'),(165,'Maruti Suzuki Baleno [2015-2019] Zeta Petrol',2015,47,55,4,'blue','56207','1st','6902.39'),(166,'Tata Altroz XZA+',2022,83,41,5,'red','1540','1st','10393.13'),(167,'Maruti Suzuki Vitara Brezza [2016-2020] ZDI PLUS Dual Tone',2016,65,133,3,'yellow','40003','1st','10630.37'),(168,'Hyundai Creta SX OPT Turbo DCT Petrol',2021,17,58,7,'black','12285','1st','19679.17'),(169,'MG Motors Hector 1.5 Sharp DCT AT',2020,69,166,5,'red','25835','1st','19995.48'),(170,'Maruti Suzuki Baleno [2015-2019] Alpha Petrol',2017,47,55,4,'blue','20894','1st','8032.08'),(171,'Maruti Suzuki Ciaz Alpha AT Petrol',2020,49,210,1,'grey','30752','1st','13138.27'),(172,'Honda City ZX',2020,12,78,5,'red','16332','1st','15239.49'),(173,'Maruti Suzuki Baleno [2015-2019] Alpha Petrol',2015,47,55,4,'blue','80408','1st','6416.63'),(174,'Hyundai Creta [2015-2018] 1.6 SX Plus Auto',2016,19,280,6,'grey','88735','2nd','12415.27'),(175,'Kia Seltos GTX Plus DCT',2020,38,260,7,'orange','20930','1st','19261.18'),(176,'Hyundai Creta [2015-2018] 1.6 SX Plus Auto',2016,19,280,6,'grey','88735','2nd','12415.27'),(177,'Hyundai Creta [2015-2018] 1.6 SX Plus Auto',2016,19,278,6,'grey','88735','2nd','12415.27'),(178,'Maruti Suzuki Wagon R 1.0 [2015-2019] VXI AMT',2016,66,203,4,'white','83377','1st','4733.39'),(179,'Ford Figo [2019-2021] Titanium Diesel',2019,6,265,4,'red','14499','1st','8348.40'),(180,'Renault Kwid 1.0 RXT Opt',2020,76,246,4,'bronze','21887','1st','5377.32'),(181,'Hyundai Creta [2015-2018] 1.6 SX Plus Auto',2016,19,278,6,'grey','88735','2nd','12415.27'),(182,'Hyundai Verna [2011-2015] Fluidic 1.6 CRDi SX',2014,33,140,5,'grey','72009','1st','6778.13'),(183,'Hyundai Grand i10 [2017-2020] Asta 1.2 Kappa VTVT',2019,24,222,4,'grey','40498','1st','6518.30'),(184,'Hyundai Venue [2019-2021] SX 1.0 (O) Turbo',2019,32,217,5,'white','23164','1st','11737.46'),(185,'Renault Kiger RXZ Turbo CVT',2021,75,19,3,'white','9034','1st','12178.04'),(186,'Hyundai New Santro 1.1 Sportz MT',2020,30,29,4,'white','18065','1st','6111.61'),(187,'Maruti Suzuki Celerio [2014-2021] VXi AMT',2014,48,195,3,'silver','63746','3rd','3931.31'),(188,'Maruti Suzuki Ciaz Alpha Petrol',2019,49,212,4,'blue','28618','1st','10732.04'),(189,'Hyundai Elite i20 [2014-2018] Asta 1.2',2016,21,221,4,'white','85602','1st','7444.65'),(190,'Volkswagen Vento [2015-2019] Highline Petrol AT',2016,100,273,7,'grey','70958','1st','8246.72'),(191,'Tata Harrier XZ Dual Tone',2021,84,231,5,'white','16090','1st','21181.65'),(192,'Honda WR-V VX i-VTEC',2017,16,177,4,'red','88695','1st','8450.07'),(193,'Hyundai i20 [2012-2014] Asta 1.2',2014,27,227,4,'silver','94315','1st','6032.54'),(194,'Ford EcoSport [2013-2015] Titanium 1.5L Ti-VCT AT',2015,5,84,5,'grey','55617','2nd','7026.66'),(195,'Maruti Suzuki Dzire [2017-2020] ZXi Plus AMT',2018,50,47,4,'blue','7858','1st','9263.44'),(196,'Maruti Suzuki Celerio [2014-2021] ZXi AMT',2018,48,195,3,'grey','29492','1st','6597.38'),(197,'Hyundai i20 Active [2015-2020] 1.2 SX',2016,28,51,4,'red','88827','1st','7286.49'),(198,'Maruti Suzuki Ciaz [2014-2017] ZXI+',2017,49,207,4,'grey','21365','1st','9342.52'),(199,'Ford Figo [2019-2021] Titanium Diesel',2019,6,266,4,'red','31262','1st','7693.18'),(200,'Tata Zest [2014-2019] XT Petrol',2017,91,255,4,'silver','7697','1st','6439.22'),(201,'Ford Figo [2019-2021] Titanium Diesel',2019,6,266,4,'red','31262','1st','7693.18'),(202,'MG Motors Hector 1.5 Sharp DCT AT',2020,69,166,5,'black','31271','1st','19927.70'),(203,'Ford Figo [2019-2021] Titanium Diesel',2019,6,265,4,'red','31262','1st','7693.18'),(204,'Hyundai Elite i20 [2018-2020] Sportz 1.2',2018,21,36,4,'red','17121','1st','7647.99'),(205,'Ford Figo [2019-2021] Titanium Diesel',2019,6,265,4,'red','31262','1st','7693.18'),(206,'Hyundai Fluidic Verna 4S [2015-2018] 1.6 VTVT SX AT',2017,23,286,1,'white','60287','1st','9455.49'),(207,'Honda Jazz [2015-2020] SV MT',2017,14,178,3,'red','56221','1st','6552.19'),(208,'MG Motors Hector 1.5 Hybrid Sharp DCT Dual Tone',2020,69,166,5,'red','8265','1st','20628.11'),(209,'JEEP Compass [2017-2021] Longitude (O) 2.0 Diesel',2017,37,100,5,'red','43091','2nd','14572.98'),(210,'Hyundai Grand i10 Nios Sportz AMT 1.2 Kappa VTVT',2021,25,37,4,'grey','27185','1st','8427.47'),(211,'JEEP Compass [2017-2021] Limited (O) 2.0 Diesel',2017,37,98,5,'blue','44503','1st','17611.84'),(212,'Honda Amaze [2013-2018] 1.2 VX i-VTEC',2014,10,122,4,'red','63170','2nd','5106.19'),(213,'Tata Nano GenX [2015-2018] XT',2015,86,95,2,'purple','44736','1st','2699.95'),(214,'Hyundai New Santro 1.1 Magna Corporate Edition ',2020,30,29,4,'blue','17056','1st','5908.27'),(215,'Renault Kwid [2017-2019] RXT 1.0 SCE Special (O)',2019,76,248,4,'grey','13111','1st','5117.49'),(216,'Maruti Suzuki S-Cross [2017-2020] Zeta 1.3',2018,58,132,4,'blue','61922','1st','10641.66'),(217,'Hyundai i20 Active [2015-2020] 1.2 SX',2017,28,51,4,'silver','60629','1st','8190.24'),(218,'Ford Figo [2015-2019] Titanium1.5 TDCi',2016,6,262,4,'grey','83705','1st','5885.68'),(219,'Renault Triber RXZ',2021,79,26,4,'white','7227','1st','8811.57'),(220,'Hyundai i20 Active [2015-2020] 1.2 S',2017,28,51,4,'black','32602','1st','8032.08'),(221,'Hyundai Verna [2011-2015] Fluidic 1.6 VTVT SX',2013,33,162,3,'purple','59054','2nd','5659.74'),(222,'Ford EcoSport [2017-2021] Titanium + 1.5L Ti-VCT',2020,5,1,4,'silver','26116','1st','11003.16'),(223,'Hyundai Verna [2011-2015] Fluidic 1.6 VTVT SX Opt',2014,33,160,3,'white','45880','1st','7840.04'),(224,'Renault Duster [2015-2019] 110 PS RXZ 4X2 AMT',2017,74,129,6,'white','50811','1st','11443.74'),(225,'Hyundai i20 Active [2015-2020] 1.2 S',2016,28,51,4,'brown','90058','1st','6868.50'),(226,'Maruti Suzuki Ciaz [2014-2017] ZXI+',2015,49,207,4,'white','36850','1st','7885.22'),(227,'Kia Seltos GTX Plus DCT',2020,38,260,8,'silver','38198','1st','19667.87'),(228,'Maruti Suzuki Ciaz [2017-2018] Alpha AT',2018,49,207,2,'silver','92118','1st','9365.12'),(229,'Maruti Suzuki Swift [2007-2011] VXi',2011,62,184,4,'silver','53160','1st','4812.47'),(230,'Hyundai i10 [2010-2016] Era Petrol',2012,26,109,4,'grey','63676','1st','3084.05'),(231,'Honda City V',2021,12,172,4,'white','17790','1st','11172.62'),(232,'Hyundai Verna [2017-2020] 1.6 CRDI SX',2018,33,155,5,'brown','87773','1st','10585.18'),(233,'Hyundai i10 [2010-2016] Sportz AT Petrol',2011,26,142,1,'grey','43918','2nd','3434.25'),(234,'Hyundai i20 Active [2015-2020] 1.2 SX',2016,28,51,4,'brown','54744','1st','7060.55'),(235,'Hyundai Xcent [2014-2017] SX (O) Petrol',2014,36,225,4,'white','72801','1st','5603.25'),(236,'Honda City V',2020,12,172,4,'white','24218','1st','10619.07'),(237,'Hyundai Grand i10 [2017-2020] Sportz 1.2 Kappa VTVT',2020,24,222,4,'grey','18915','2nd','6879.80'),(238,'Hyundai Eon [2011-2018] D-Lite+',2014,22,253,4,'grey','38592','2nd','3038.86'),(239,'Hyundai Elite i20 [2014-2018] Asta 1.2 (O)',2016,21,35,4,'white','97573','1st','6450.52'),(240,'Hyundai Grand i10 [2017-2020] Magna 1.2 Kappa VTVT',2017,24,222,3,'red','11304','1st','6281.07'),(241,'Honda City V',2019,12,172,4,'brown','22379','1st','10472.21'),(242,'Tata Altroz XE 1.5',2021,83,70,4,'grey','12002','1st','8868.05'),(243,'Renault Kwid [2015-2019] RXL',2019,76,244,4,'grey','4776','1st','4654.32'),(244,'Maruti Suzuki Wagon R 1.0 [2015-2019] VXI AMT',2016,66,203,4,'silver','44822','2nd','5094.89'),(245,'Hyundai i20 Active [2015-2020] 1.2 S',2018,28,51,4,'white','24676','2nd','7207.41'),(246,'Maruti Suzuki S-Cross [2017-2020] Zeta 1.3',2018,58,132,4,'blue','52291','2nd','9116.58'),(247,'Mahindra XUV 300 W8 Diesel',2020,41,87,6,'black','61411','1st','12166.74'),(248,'Hyundai Grand i10 [2013-2017] Sportz 1.2 Kappa VTVT',2014,24,224,4,'grey','35703','1st','5241.75'),(249,'Renault Kwid 1.0 RXT Opt',2021,76,251,3,'white','13069','1st','6009.94'),(250,'Hyundai Elite i20 [2014-2018] Asta 1.2 (O)',2017,21,35,4,'white','49775','2nd','6665.16'),(251,'Hyundai i20 [2012-2014] Sportz 1.2',2012,27,226,4,'white','90078','1st','4744.69'),(252,'Hyundai Xcent [2017-2019] S Petrol',2017,36,53,4,'grey','45378','1st','6653.86'),(253,'Maruti Suzuki Wagon R 1.0 [2010-2019] VXI',2011,67,188,4,'brown','96939','1st','3818.35'),(254,'Honda WR-V i-DTEC VX',2018,16,175,6,'grey','69591','3rd','9037.51'),(255,'Maruti Suzuki S-Cross [2015-2020] Sigma 1.3',2017,58,132,4,'brown','83551','1st','7354.27'),(256,'Mahindra XUV500 [2015-2018] W8',2015,42,114,6,'silver','71397','2nd','11658.38'),(257,'Hyundai Xcent [2017-2019] S Petrol',2017,36,53,4,'grey','45378','1st','6653.86'),(258,'Hyundai i20 Active [2015-2020] 1.2 SX',2018,28,51,4,'brown','34075','2nd','7840.04'),(259,'Hyundai i20 [2012-2014] Sportz 1.2',2013,27,226,4,'blue','56096','1st','5490.28'),(260,'Honda City ZX',2020,12,78,5,'brown','14414','1st','15408.95'),(261,'Hyundai New Santro 1.1 Asta MT',2019,30,29,4,'beige','21903','1st','6292.36'),(262,'Mahindra XUV500 [2015-2018] W10',2017,42,114,6,'white','56418','1st','16549.93'),(263,'Hyundai Xcent [2017-2019] S Petrol',2017,36,52,4,'grey','45378','1st','6653.86'),(264,'Ford EcoSport [2017-2021] Titanium 1.5L Ti-VCT',2018,5,271,4,'brown','35796','1st','8845.46'),(265,'Hyundai i10 [2010-2016] Magna 1.2 Petrol',2012,26,220,4,'grey','65284','1st','3931.31'),(266,'Hyundai Xcent [2017-2019] S Petrol',2017,36,52,4,'grey','45378','1st','6653.86'),(267,'Hyundai Grand i10 [2017-2020] Sportz 1.2 Kappa VTVT',2018,24,222,3,'grey','28557','2nd','6484.41'),(268,'Chevrolet Cruze [2009-2017] LTZ AT',2015,2,281,5,'grey','72489','1st','10076.82'),(269,'Hyundai Grand i10 [2017-2020] Sportz 1.2 Kappa VTVT',2020,24,222,3,'grey','9468','1st','7376.86'),(270,'Maruti Suzuki Swift [2017-2021] VXI AMT',2020,60,283,4,'red','38199','2nd','7094.44'),(271,'Honda City V',2018,12,172,4,'brown','60209','1st','10144.60'),(272,'Volkswagen Polo [2010-2014] Highline1.2L (P)',2011,99,236,4,'silver','68645','2nd','5094.89'),(273,'Nissan Magnite XV Premium Turbo (O)',2021,71,21,4,'silver','8197','1st','9997.74'),(274,'Hyundai Eon [2011-2018] Magna +',2018,22,219,4,'blue','33231','2nd','4552.64'),(275,'Maruti Suzuki Celerio ZXi Plus',2021,48,199,4,'white','14853','1st','7399.46'),(276,'Hyundai i10 [2010-2016] Magna 1.2 Petrol',2011,26,220,4,'beige','43953','1st','3818.35'),(277,'Renault Duster [2015-2019] 110 PS RXZ 4X2 AMT',2016,74,129,6,'orange','69658','1st','10302.76'),(278,'Maruti Suzuki Baleno [2015-2019] Zeta AT Petrol',2018,47,54,9,'grey','27626','1st','8178.94'),(279,'Maruti Suzuki Ciaz S Petrol',2020,49,211,4,'silver','70245','1st','10393.13'),(280,'Ford EcoSport [2015-2017] Titanium 1.5L Ti-VCT AT',2016,5,86,5,'grey','36422','1st','9105.29'),(281,'Hyundai Elite i20 [2014-2018] Asta 1.4 CRDI',2015,21,276,6,'white','81103','1st','7252.60'),(282,'Maruti Suzuki Eeco AC 5 STR',2020,51,125,4,'grey','22703','1st','5512.88'),(283,'Maruti Suzuki Ciaz [2014-2017] ZXI+',2015,49,207,4,'red','78251','1st','7162.22'),(284,'Renault Kwid CLIMBER 1.0 AMT Opt',2020,76,251,3,'blue','36069','1st','6190.69'),(285,'Hyundai Xcent [2014-2017] S (O) Petrol',2014,36,34,4,'blue','48106','1st','5309.53'),(286,'Hyundai Elite i20 [2014-2018] Sportz 1.2',2016,21,221,4,'red','48481','1st','7388.16'),(287,'Renault Triber RXZ',2020,79,26,4,'blue','57503','1st','7354.27'),(288,'Maruti Suzuki Ciaz [2017-2018] Alpha AT',2018,49,207,2,'blue','37746','1st','9963.85'),(289,'Maruti Suzuki Ciaz Alpha Petrol',2021,49,212,4,'grey','12031','1st','12257.12'),(290,'Hyundai Creta [2015-2018] 1.6 SX Plus Auto Petrol',2017,19,242,6,'silver','50872','1st','13511.07'),(291,'Maruti Suzuki Wagon R 1.0 [2015-2019] VXI AMT',2016,66,203,4,'silver','5227','1st','5964.75'),(292,'Maruti Suzuki Celerio ZXi AMT',2021,48,199,4,'grey','5992','1st','7004.07'),(293,'Hyundai Elite i20 [2014-2018] Asta 1.2',2015,21,221,4,'grey','25517','1st','7557.61'),(294,'Maruti Suzuki Celerio [2014-2021] ZXi (O)',2018,48,195,3,'silver','45560','1st','5682.33'),(295,'Maruti Suzuki Celerio [2014-2021] ZXi AMT',2017,48,195,3,'grey','27803','1st','5953.46'),(296,'Ford EcoSport [2013-2015] Titanium 1.5L Ti-VCT',2014,5,83,4,'silver','74814','2nd','6653.86'),(297,'Volkswagen Polo [2018-2022] Trendline 1.0 (P)',2020,99,24,4,'red','20427','1st','7444.65'),(298,'Honda City [2017-2020] VX',2017,12,173,3,'white','47154','1st','10754.63'),(299,'Maruti Suzuki A-Star [2012-2014] VXI (ABS) AT',2012,43,194,1,'silver','45008','2nd','3727.97'),(300,'Tata Altroz XZ Plus Turbo',2022,83,42,4,'red','8560','1st','10765.93'),(301,'Tata Harrier XZ Dual Tone',2020,84,230,6,'red','24315','1st','21599.64'),(302,'Maruti Suzuki Swift [2007-2011] VXI ABS',2011,62,184,4,'grey','51210','2nd','4462.27'),(303,'Hyundai Elite i20 [2014-2018] Sportz 1.2',2017,21,221,4,'blue','63937','1st','7094.44'),(304,'Honda Brio [2011-2016] S MT',2012,11,108,4,'silver','84488','1st','3840.94'),(305,'Hyundai Creta [2018-2020] 1.6 SX OPT VTVT',2019,18,284,5,'red','58693','1st','13251.24'),(306,'Maruti Suzuki Dzire [2017-2020] ZXi Plus',2019,50,44,3,'white','11499','1st','9173.07'),(307,'Hyundai Creta [2015-2018] 1.6 S Plus Auto',2017,19,278,6,'silver','44894','1st','13951.65'),(308,'Maruti Suzuki Baleno [2019-2020] Alpha Diesel',2019,47,136,3,'blue','30420','1st','9975.15'),(309,'Maruti Suzuki S-Presso VXI',2020,59,202,4,'grey','18282','1st','5162.68'),(310,'Maruti Suzuki Ciaz Zeta AT Petrol',2018,49,211,2,'white','15221','1st','10325.35'),(311,'Maruti Suzuki S-Presso VXI',2020,59,202,4,'grey','17214','1st','5207.86'),(312,'Maruti Suzuki S-Cross [2015-2020] Zeta 1.3',2015,58,132,3,'white','39515','1st','9127.88'),(313,'Mahindra Scorpio [2014-2017] S4 Plus',2017,39,112,4,'black','46438','1st','12562.13'),(314,'Maruti Suzuki Swift [2011-2017] VDi',2013,62,134,4,'red','77692','1st','5320.83'),(315,'Hyundai Grand i10 [2013-2017] Sportz 1.2 Kappa VTVT',2015,24,224,4,'silver','54287','1st','5173.97'),(316,'Maruti Suzuki Baleno [2015-2019] Alpha Diesel',2018,47,131,4,'orange','27941','1st','9150.47'),(317,'Hyundai Grand i10 [2013-2017] Asta AT 1.2 Kappa VTVT',2014,24,224,1,'grey','35461','2nd','5987.35'),(318,'Maruti Suzuki Ciaz Delta Petrol',2020,49,211,4,'white','10381','1st','10189.79'),(319,'Maruti Suzuki Ritz [2009-2012] Vdi',2012,56,241,4,'white','46447','1st','5140.08'),(320,'Honda WR-V VX i-VTEC',2017,16,177,4,'silver','28831','1st','8935.83'),(321,'Maruti Suzuki Swift Dzire [2012-2017] VXi',2013,63,192,4,'grey','74652','1st','5625.85'),(322,'Hyundai Verna [2011-2015] Fluidic 1.6 VTVT SX',2013,33,162,3,'white','91039','1st','5806.60'),(323,'Maruti Suzuki Wagon R 1.0 [2010-2019] VXI',2013,67,188,4,'beige','44746','1st','4552.64'),(324,'Hyundai i10 [2010-2016] Magna Petrol',2014,26,110,4,'grey','92092','1st','4292.82'),(325,'Honda Amaze [2013-2018] 1.2 S i-VTEC',2015,10,176,4,'grey','49435','1st','5784.00'),(326,'Toyota Yaris [2018-2021] VX CVT',2020,96,66,4,'red','26653','2nd','12336.20'),(327,'Toyota Yaris [2018-2021] VX CVT',2020,96,66,4,'red','26653','2nd','12336.20'),(328,'Skoda Superb [2019-2020] L&K TSI AT',2019,82,275,7,'black','9686','1st','33224.13'),(329,'Toyota Yaris [2018-2021] VX CVT',2020,96,64,4,'red','26653','2nd','12336.20'),(330,'Volkswagen Jetta [2013-2017] Comfortline TDI',2014,98,103,4,'brown','83265','2nd','8924.54'),(331,'Toyota Yaris [2018-2021] VX CVT',2020,96,64,4,'red','26653','2nd','12336.20'),(332,'Volkswagen Jetta [2013-2017] Comfortline TDI',2014,98,103,4,'brown','83265','2nd','8924.54'),(333,'Hyundai Grand i10 [2013-2017] Asta 1.2 Kappa VTVT',2014,24,224,4,'blue','58748','2nd','5162.68'),(334,'Volkswagen Jetta [2013-2017] Comfortline TDI',2014,98,104,4,'brown','83265','2nd','8924.54'),(335,'Hyundai Creta [2015-2018] 1.6 S Petrol',2016,19,242,6,'beige','90147','1st','9184.37'),(336,'Hyundai Fluidic Verna 4S [2015-2018] 1.6 VTVT SX',2017,23,90,4,'grey','25905','1st','9263.44'),(337,'Hyundai Creta [2018-2020] 1.6 SX OPT VTVT',2018,18,284,5,'red','70015','1st','13703.12'),(338,'Volkswagen Jetta [2013-2017] Comfortline TDI',2014,98,104,4,'brown','83265','2nd','8924.54'),(339,'Hyundai Xcent [2014-2017] SX (O) Petrol',2014,36,225,4,'black','76890','1st','5671.03'),(340,'Maruti Suzuki Alto K10 [2010-2014] VXi',2011,46,189,4,'silver','41517','2nd','3106.64'),(341,'Maruti Suzuki Alto 800 Vxi',2020,45,150,4,'silver','32490','1st','4676.91'),(342,'Honda Amaze 1.2 V CVT Petrol',2018,10,179,4,'brown','16348','1st','8642.11'),(343,'Maruti Suzuki S-Presso VXI+',2021,59,201,4,'grey','14818','1st','6021.24'),(344,'Maruti Suzuki Alto 800 [2016-2019] Lxi',2019,45,152,4,'red','13505','1st','4417.08'),(345,'Honda City V',2017,12,172,4,'brown','46935','1st','9308.63'),(346,'Hyundai Elite i20 [2018-2020] Sportz Plus 1.2',2020,20,223,3,'white','30590','1st','9093.99'),(347,'Hyundai i10 [2010-2016] Magna Petrol',2011,26,110,4,'silver','49985','1st','3615.00'),(348,'Hyundai Creta [2015-2018] 1.6 SX Plus Petrol',2017,19,242,6,'black','62805','1st','12403.98'),(349,'Maruti Suzuki Alto 800 Lxi',2021,45,150,4,'silver','21564','1st','4891.55'),(350,'Maruti Suzuki Ciaz Alpha(Petrol)',2017,49,207,4,'grey','47123','1st','8981.02'),(351,'Hyundai Creta [2015-2018] 1.6 SX Plus Petrol',2018,19,242,6,'red','25411','1st','13285.13'),(352,'Maruti Suzuki Alto 800 [2016-2019] Vxi',2018,45,149,4,'grey','22849','1st','4202.44'),(353,'Maruti Suzuki Alto K10 [2014-2019] VXi (O)',2019,46,196,4,'silver','50437','2nd','4586.53'),(354,'Maruti Suzuki Ciaz Alpha Petrol',2020,49,213,4,'grey','4878','1st','11466.34'),(355,'Maruti Suzuki Dzire [2017-2020] ZXi Plus AMT',2017,50,48,3,'blue','49930','1st','8133.76'),(356,'Maruti Suzuki Alto K10 [2014-2019] VXi (O)',2016,46,196,4,'white','24374','1st','4338.00'),(357,'Hyundai Creta [2018-2020] 1.6 SX VTVT',2019,18,287,5,'white','26198','1st','14392.23'),(358,'Maruti Suzuki Alto K10 [2010-2014] VXi',2011,46,189,4,'silver','82262','2nd','2880.70'),(359,'Ford EcoSport [2015-2017] Titanium+ 1.0L EcoBoost',2016,5,14,3,'blue','46485','1st','8269.32'),(360,'Maruti Suzuki Alto K10 [2014-2019] VXi',2016,46,196,4,'grey','21812','1st','4089.47'),(361,'Maruti Suzuki Celerio [2014-2021] VXi',2014,48,195,3,'white','76306','1st','4586.53'),(362,'Maruti Suzuki Swift [2007-2011] VXi',2011,62,184,4,'red','56696','1st','4473.57'),(363,'Hyundai Elite i20 [2014-2018] Asta 1.2',2015,21,221,4,'blue','80743','1st','7026.66'),(364,'Hyundai Elite i20 [2014-2018] Asta 1.2 Dual Tone',2018,21,221,4,'white','31912','1st','8856.76'),(365,'Renault Kwid 1.0 RXT Opt',2020,76,251,3,'white','15591','1st','5524.18'),(366,'Hyundai Creta [2015-2018] 1.6 SX Plus Petrol',2016,19,242,6,'red','40249','1st','11421.15'),(367,'Hyundai Elite i20 [2018-2020] Asta 1.2',2018,21,36,3,'red','54836','1st','8382.29'),(368,'Honda City [2014-2017] VX CVT',2015,12,171,4,'white','50821','2nd','9206.96'),(369,'Hyundai Elite i20 [2014-2018] Asta 1.2 (O)',2015,21,35,4,'red','29169','1st','7467.24'),(370,'Maruti Suzuki Dzire [2017-2020] VXI AMT',2018,50,45,3,'blue','32170','1st','7896.52'),(371,'Hyundai Creta [2015-2018] 1.6 SX Plus Petrol',2016,19,242,6,'red','60578','1st','10969.27'),(372,'Maruti Suzuki Ritz [2012-2017] Vxi',2014,56,186,4,'red','48449','1st','5083.60'),(373,'Hyundai Creta [2015-2018] 1.6 SX Plus Petrol',2017,19,242,6,'red','57167','1st','12019.88'),(374,'Toyota Etios [2010-2017] VX',2011,93,116,4,'black','62193','1st','4812.47'),(375,'Hyundai Elite i20 [2014-2018] Asta 1.2 (O)',2016,21,35,4,'red','95065','1st','7399.46'),(376,'Volkswagen Polo [2010-2014] Comfortline 1.2L (P)',2011,99,237,4,'red','55512','1st','4914.14'),(377,'Hyundai i10 [2010-2016] Magna Petrol',2014,26,110,4,'silver','62904','1st','4394.49'),(378,'Renault Kwid 1.0 RXT Opt',2022,76,251,3,'white','7342','1st','6089.02'),(379,'Hyundai Verna [2011-2015] Fluidic 1.6 CRDi SX Opt AT',2014,33,157,2,'white','81335','2nd','8721.19'),(380,'Honda Jazz V MT',2018,14,30,4,'silver','13074','1st','8077.27'),(381,'Maruti Suzuki Alto 800 [2012-2016] Vxi',2015,45,146,4,'silver','25388','1st','3739.27'),(382,'Maruti Suzuki Baleno [2019-2020] Alpha Diesel',2019,47,136,3,'blue','37942','1st','9568.46'),(383,'Renault Kwid 1.0 RXL',2021,76,11,3,'blue','9285','1st','5309.53'),(384,'Renault Kiger RXZ MT Dual Tone',2021,75,17,3,'white','17120','1st','9376.41'),(385,'Ford EcoSport [2015-2017] Trend + 1.5L TDCi',2016,5,75,4,'grey','96471','1st','7094.44'),(386,'Renault Kwid RXT',2021,76,5,3,'silver','25170','1st','5478.99'),(387,'Hyundai Eon [2011-2018] Era +',2015,22,245,4,'red','40959','1st','3581.11'),(388,'Hyundai Elite i20 [2014-2018] Asta 1.4 CRDI (O)',2017,21,276,6,'grey','41443','1st','8924.54'),(389,'Maruti Suzuki Ritz [2012-2017] Vxi',2014,56,186,4,'brown','67154','2nd','4575.24'),(390,'Ford Figo Aspire [2019-2021] Titanium Plus 1.2 Ti-VCT',2020,8,272,4,'white','18300','1st','8235.43'),(391,'Maruti Suzuki Celerio [2014-2021] VXi',2015,48,195,3,'silver','53848','2nd','4688.21'),(392,'Hyundai Eon [2011-2018] Era +',2012,22,245,4,'blue','40097','1st','3208.31'),(393,'Maruti Suzuki Wagon R 1.0 [2010-2019] LXI',2012,67,188,4,'grey','40078','1st','3920.02'),(394,'Maruti Suzuki Alto K10 [2014-2019] VXi',2017,46,196,4,'grey','32419','1st','4473.57'),(395,'Honda Amaze [2013-2018] 1.2 VX i-VTEC',2015,10,122,4,'white','44188','1st','6484.41'),(396,'Maruti Suzuki Alto 800 [2016-2019] Vxi',2017,45,149,4,'grey','10100','1st','4168.55'),(397,'Hyundai Elite i20 [2014-2018] Asta 1.4 CRDI (O)',2017,21,276,6,'red','86163','2nd','7896.52'),(398,'Maruti Suzuki Ertiga [2015-2018] ZDI + SHVS',2016,52,138,4,'blue','35128','1st','10720.74'),(399,'Hyundai Elite i20 [2018-2020] Asta 1.2',2018,21,36,3,'red','23326','1st','8676.01'),(400,'Hyundai Elite i20 [2014-2018] Sportz 1.2',2016,21,221,4,'red','50229','1st','6834.61'),(401,'Hyundai i10 [2010-2016] Sportz Petrol',2016,26,143,4,'grey','36707','1st','5117.49'),(402,'Honda Jazz [2015-2020] SV MT',2016,14,178,3,'red','56762','1st','6529.60'),(403,'Maruti Suzuki S-Cross Alpha 1.5',2020,58,214,4,'blue','20156','1st','12471.76'),(404,'Maruti Suzuki Ertiga [2015-2018] ZDI + SHVS',2016,52,138,4,'grey','99495','1st','10144.60'),(405,'Maruti Suzuki Alto 800 Vxi Plus',2021,45,150,4,'white','6363','1st','4710.80'),(406,'Hyundai i10 [2010-2016] Sportz Petrol',2016,26,143,4,'silver','29122','1st','5094.89'),(407,'Maruti Suzuki Wagon R 1.0 [2010-2019] LXI',2012,67,188,4,'blue','49799','1st','3942.61'),(408,'Hyundai Elite i20 [2014-2018] Asta 1.2 (O)',2016,21,35,4,'white','71532','2nd','7150.93'),(409,'Honda Jazz [2015-2020] SV MT',2016,14,178,3,'white','94873','1st','6507.00'),(410,'Maruti Suzuki Alto K10 [2010-2014] VXi',2011,46,189,4,'red','69077','1st','3174.42'),(411,'MG Motors Hector 2.0 Sharp',2020,69,164,4,'white','36581','1st','20876.64'),(412,'MG Motors Hector 2.0 Sharp',2020,69,164,4,'white','36581','1st','20876.64'),(413,'Hyundai Elite i20 [2014-2018] Sportz 1.2',2017,21,221,4,'grey','81673','1st','7094.44'),(414,'Ford EcoSport [2015-2017] Trend+ 1.0L EcoBoost',2016,5,13,4,'blue','69414','1st','7105.74'),(415,'MG Motors Hector 2.0 Sharp',2020,69,165,6,'white','36581','1st','20876.64'),(416,'Hyundai Elite i20 [2014-2018] Asta 1.2',2017,21,221,4,'blue','22127','1st','8054.68'),(417,'Hyundai i10 [2010-2016] Sportz Petrol',2014,26,143,4,'red','40450','1st','4778.58'),(418,'MG Motors Hector 2.0 Sharp',2020,69,165,6,'white','36581','1st','20876.64'),(419,'Ford EcoSport [2013-2015] Titanium 1.5L TDCi',2014,5,264,4,'white','86120','1st','7263.90'),(420,'Hyundai Creta [2015-2018] 1.6 SX Plus Petrol',2016,19,242,6,'red','37702','2nd','10652.96'),(421,'Hyundai Elite i20 [2018-2020] Asta 1.2',2018,21,36,3,'red','29948','1st','8325.80'),(422,'Hyundai Elite i20 [2018-2020] Sportz 1.2',2018,21,36,3,'red','30876','1st','8009.49'),(423,'Volkswagen Polo [2010-2014] Comfortline 1.2L (P)',2011,99,237,4,'white','92227','2nd','4541.35'),(424,'Renault Kwid [2015-2019] RXT Opt',2019,76,244,4,'grey','22356','1st','4801.17'),(425,'Maruti Suzuki Ritz [2009-2012] VXI',2012,57,229,4,'silver','70568','2nd','4157.25'),(426,'Volkswagen Ameo [2016-2020] Highline1.2L Plus (P)',2017,97,239,3,'grey','24747','1st','7297.79'),(427,'Maruti Suzuki Wagon R 1.0 [2010-2019] LXI',2011,67,188,4,'brown','43763','1st','3818.35'),(428,'Hyundai i10 [2010-2016] Era Petrol',2011,26,109,4,'grey','77554','1st','3727.97'),(429,'Hyundai i10 [2010-2016] Era Petrol',2013,26,109,4,'white','26671','2nd','3773.16'),(430,'Maruti Suzuki Swift Dzire [2012-2017] VXi',2012,63,192,4,'black','61885','1st','5162.68'),(431,'Maruti Suzuki Ritz [2012-2017] Zxi',2014,56,186,4,'grey','45887','2nd','5027.11'),(432,'Kia Seltos HTX G',2020,38,261,6,'red','18499','1st','15465.43'),(433,'Maruti Suzuki Swift [2011-2017] VDi',2013,62,134,4,'red','84739','1st','5603.25'),(434,'Maruti Suzuki Eeco 5 STR WITH A/C+HTR',2019,51,124,4,'grey','27462','1st','4925.44'),(435,'Maruti Suzuki Celerio [2014-2021] VXi AMT',2015,48,195,3,'red','68859','1st','5049.71'),(436,'Volkswagen Polo [2016-2018] All Star 1.5 (D)',2017,99,267,4,'silver','90423','1st','8303.21'),(437,'Honda WR-V VX i-VTEC',2019,16,177,4,'grey','16240','1st','10099.41'),(438,'Maruti Suzuki Ritz [2012-2017] Vxi',2015,56,186,4,'brown','40632','1st','5501.58'),(439,'Honda WR-V VX i-VTEC',2019,16,177,4,'red','53948','1st','9975.15'),(440,'Hyundai Elite i20 [2017-2018] Magna Executive 1.2',2017,21,221,4,'white','24353','1st','7004.07'),(441,'Hyundai i10 [2010-2016] Sportz 1.2 Petrol',2011,26,143,4,'red','62840','1st','3818.35'),(442,'Maruti Suzuki Ritz [2012-2017] Vxi',2013,56,186,4,'silver','59010','1st','4631.72'),(443,'Kia Seltos GTX Plus',2020,38,259,6,'red','20280','1st','18187.98'),(444,'Ford Figo Aspire [2015-2019] Titanium 1.2 Ti-VCT',2017,8,269,4,'white','53467','1st','5919.57'),(445,'Hyundai Elite i20 [2018-2020] Asta 1.2',2018,21,36,3,'red','24732','1st','8653.41'),(446,'Hyundai Verna Transform [2010-2011] 1.6 SX VTVT',2011,35,168,3,'white','75713','2nd','4518.75'),(447,'Hyundai Verna [2017-2020] 1.6 VTVT SX (O) AT',2017,34,285,5,'silver','18732','1st','11827.84'),(448,'Kia Seltos GTX Plus',2020,38,259,6,'red','14077','1st','18605.96'),(449,'Hyundai i10 [2010-2016] Sportz 1.2 Petrol',2011,26,143,4,'grey','74710','2nd','3863.53'),(450,'Maruti Suzuki Alto K10 [2014-2019] VXi',2019,46,196,4,'grey','35607','1st','4846.36'),(451,'Hyundai Eon [2011-2018] Era +',2013,22,245,4,'blue','19600','1st','3513.33'),(452,'Hyundai i10 [2010-2016] Sportz Petrol',2015,26,143,4,'white','24631','1st','5015.82'),(453,'Renault Duster RXS Petrol',2021,74,80,4,'grey','19722','1st','11138.73'),(454,'Maruti Suzuki Eeco 5 STR WITH A/C+HTR',2017,51,124,4,'silver','75728','1st','4609.13'),(455,'Maruti Suzuki Ertiga [2015-2018] ZDI',2016,52,138,4,'white','54971','1st','10234.98'),(456,'Hyundai i10 [2010-2016] Sportz Petrol',2015,26,143,4,'white','26176','2nd','4609.13'),(457,'Skoda Rapid [2011-2016] Ambition Diesel MT',2012,80,107,4,'white','93981','2nd','4925.44'),(458,'Maruti Suzuki Dzire [2017-2020] VXI AMT',2018,50,45,3,'blue','19949','1st','8348.40'),(459,'Maruti Suzuki S-Presso VXI Opt CNG',2022,59,204,4,'white','12076','1st','7749.66'),(460,'Hyundai i10 [2010-2016] Magna Petrol',2015,26,110,4,'silver','25413','2nd','4417.08'),(461,'Renault Duster [2012-2015] 85 PS RxL (Opt)',2014,74,59,4,'silver','85751','1st','7196.11'),(462,'Hyundai i10 [2010-2016] Magna 1.2 Petrol',2013,26,220,4,'white','35425','1st','4202.44'),(463,'Renault Duster [2015-2019] 110 PS RXL 4X2 MT',2015,74,62,4,'red','59680','1st','8517.85'),(464,'Hyundai Fluidic Verna 4S [2015-2017] 1.6 CRDi SX',2017,23,91,6,'silver','95862','1st','9828.29'),(465,'Hyundai Elite i20 [2014-2018] Sportz 1.4 CRDI',2016,21,92,6,'silver','54734','1st','7727.07'),(466,'Hyundai Elite i20 [2014-2018] Sportz 1.4 CRDI',2016,21,92,6,'white','73251','1st','7772.25'),(467,'Maruti Suzuki Alto K10 [2014-2019] VXi',2015,46,196,4,'silver','39807','1st','3976.50'),(468,'Renault Duster [2015-2019] 110 PS RXL 4X2 MT',2015,74,62,4,'red','59680','1st','8517.85'),(469,'Maruti Suzuki Wagon R 1.0 [2010-2019] VXI',2012,67,188,4,'blue','53015','2nd','3648.89'),(470,'Hyundai Elite i20 [2018-2020] Asta 1.4 CRDI',2018,21,93,5,'orange','44188','1st','9218.26'),(471,'Renault Duster [2015-2019] 110 PS RXL 4X2 MT',2015,74,61,4,'red','59680','1st','8517.85'),(472,'Hyundai i10 [2010-2016] Sportz Petrol',2014,26,143,4,'grey','41667','2nd','4428.38'),(473,'Ford Figo [2019-2021] Titanium Diesel',2019,6,266,4,'red','45590','1st','7275.19'),(474,'Renault Duster [2015-2019] 110 PS RXL 4X2 MT',2015,74,61,4,'red','59680','1st','8517.85'),(475,'Maruti Suzuki Ritz [2012-2017] Vxi',2015,56,186,4,'brown','28840','1st','5524.18'),(476,'Honda Jazz V MT',2015,14,30,4,'maroon','63279','1st','6755.54'),(477,'Hyundai Xcent [2014-2017] S Petrol',2014,36,34,4,'white','68363','1st','5207.86'),(478,'Hyundai Xcent [2014-2017] SX AT (O) Petrol',2014,36,33,1,'blue','69402','1st','6224.58'),(479,'Ford Figo [2019-2021] Titanium Diesel',2019,6,266,4,'red','45590','1st','7275.19'),(480,'Hyundai Xcent [2017-2019] SX Petrol',2017,36,52,4,'grey','73591','1st','6653.86'),(481,'Honda Jazz V CVT',2017,14,31,8,'white','53613','2nd','7772.25'),(482,'Renault Triber RXZ AMT',2020,79,28,3,'red','12256','1st','8269.32'),(483,'Maruti Suzuki Celerio [2014-2021] VXi AMT (O)',2017,48,195,3,'white','79503','1st','5241.75'),(484,'Kia Seltos GTX Plus',2019,38,259,6,'white','27562','1st','17498.87'),(485,'Ford Figo [2019-2021] Titanium Diesel',2019,6,265,4,'red','45590','1st','7275.19'),(486,'Renault Triber RXZ',2019,79,26,4,'orange','16554','1st','7919.11'),(487,'Honda Jazz V MT',2018,14,30,4,'brown','14952','1st','8020.79'),(488,'Ford Figo [2019-2021] Titanium Diesel',2019,6,265,4,'red','45590','1st','7275.19'),(489,'Hyundai Verna [2011-2015] Fluidic 1.6 CRDi SX',2014,33,141,6,'red','60227','1st','7930.41'),(490,'Hyundai Creta [2015-2018] 1.6 SX Plus Auto',2016,19,280,6,'blue','97039','1st','12268.41'),(491,'Hyundai i10 [2010-2016] Sportz Petrol',2015,26,143,4,'silver','38156','2nd','4586.53'),(492,'Maruti Suzuki Wagon R 1.0 [2010-2019] LXI',2011,67,188,4,'white','71380','1st','3479.44'),(493,'Maruti Suzuki Alto 800 [2012-2016] LXI',2012,45,151,4,'white','66016','1st','3061.46'),(494,'Renault Kwid RXL',2021,76,5,3,'blue','5564','1st','5332.13'),(495,'Mahindra Scorpio [2014-2017] S4 Plus',2015,39,112,4,'white','44987','1st','9579.76'),(496,'Hyundai Creta [2015-2018] 1.6 SX Plus Auto',2016,19,280,6,'blue','97039','1st','12268.41'),(497,'Renault Kwid [2016-2019] 1.0 RXT',2017,76,248,4,'white','71696','1st','3987.80'),(498,'Hyundai Eon [2011-2018] Era +',2013,22,245,4,'blue','24862','1st','3309.99'),(499,'Hyundai Elite i20 [2018-2020] Asta 1.2',2018,21,36,3,'grey','34491','1st','8890.65'),(500,'Hyundai Creta [2015-2018] 1.6 SX Plus Auto',2016,19,278,6,'blue','97039','1st','12268.41'),(501,'Toyota Etios [2010-2017] G',2012,93,116,4,'silver','67312','2nd','4157.25'),(502,'Hyundai Creta [2015-2018] 1.6 SX Plus Auto',2016,19,278,6,'blue','97039','1st','12268.41'),(503,'Hyundai Elite i20 [2014-2018] Sportz 1.2',2016,21,221,4,'silver','14359','1st','7614.10'),(504,'Hyundai i20 Active [2015-2020] 1.2 SX',2016,28,51,3,'white','88321','1st','7207.41'),(505,'Hyundai Grand i10 [2013-2017] Asta 1.2 Kappa VTVT',2013,24,224,4,'red','68842','1st','5049.71'),(506,'Honda WR-V i-DTEC VX',2018,16,175,6,'brown','48924','1st','10302.76'),(507,'Renault Kwid 1.0 RXT Opt',2021,76,251,3,'brown','11275','1st','5964.75'),(508,'Maruti Suzuki Swift Dzire [2008-2012] VXI',2011,64,185,4,'grey','71460','1st','4371.89'),(509,'Hyundai Verna [2011-2015] Fluidic 1.6 VTVT SX Opt AT',2013,33,161,1,'silver','84391','1st','6845.91'),(510,'Hyundai Eon [2011-2018] Era +',2018,22,245,4,'white','48670','2nd','3953.91'),(511,'Maruti Suzuki Swift Dzire [2012-2017] VXi',2012,63,192,4,'red','93004','1st','4993.22'),(512,'Renault Kwid [2017-2019] RXT 1.0 SCE Special (O)',2019,76,248,4,'red','33661','1st','5061.00'),(513,'Maruti Suzuki Ciaz Alpha Petrol',2019,49,213,4,'blue','23861','2nd','9704.02'),(514,'Toyota Yaris [2018-2021] VX CVT',2020,96,66,4,'white','33394','2nd','11873.02'),(515,'Toyota Yaris [2018-2021] VX CVT',2020,96,66,4,'white','33394','2nd','11873.02'),(516,'Maruti Suzuki Wagon R 1.0 [2010-2019] VXI',2011,67,188,4,'red','72631','1st','3558.52'),(517,'Hyundai Grand i10 [2013-2017] Sportz 1.2 Kappa VTVT',2016,24,224,4,'grey','43877','1st','5806.60'),(518,'Renault Kwid [2015-2019] 1.0 RXT Opt',2019,76,248,4,'grey','37865','1st','4891.55'),(519,'Honda City [2014-2017] V',2015,12,170,4,'silver','76926','1st','7489.83'),(520,'Toyota Yaris [2018-2021] VX CVT',2020,96,64,4,'white','33394','2nd','11873.02'),(521,'Hyundai Grand i10 [2013-2017] Sportz 1.2 Kappa VTVT',2014,24,224,4,'white','72514','1st','5128.78'),(522,'Renault Kiger RXT MT Dual Tone',2021,75,16,3,'silver','21304','1st','9116.58'),(523,'Toyota Yaris [2018-2021] VX CVT',2020,96,64,4,'white','33394','2nd','11873.02'),(524,'Volkswagen Polo [2010-2014] Comfortline 1.2L (P)',2011,99,237,4,'black','44787','2nd','4541.35'),(525,'Maruti Suzuki Swift VXI',2021,60,283,4,'red','7881','1st','8291.91'),(526,'Toyota Yaris [2018-2021] J',2019,96,65,6,'brown','9242','1st','10325.35'),(527,'Hyundai Creta [2015-2018] 1.6 SX Plus Petrol',2017,19,242,6,'red','68295','2nd','11037.05'),(528,'Mahindra Scorpio [2014-2017] S6 Plus',2016,39,112,4,'black','54656','1st','11906.91'),(529,'Toyota Yaris [2018-2021] J',2019,96,65,6,'brown','9242','1st','10325.35'),(530,'Maruti Suzuki Celerio [2014-2021] VXi AMT',2014,48,195,3,'grey','39400','1st','5072.30'),(531,'Skoda Rapid [2011-2016] Elegance 1.6 MPI AT',2012,80,111,5,'silver','52326','1st','6077.72'),(532,'Hyundai i20 Active [2015-2020] 1.2 SX',2018,28,51,3,'brown','24310','1st','9975.15'),(533,'Toyota Yaris [2018-2021] J',2019,96,63,6,'brown','9242','1st','10325.35'),(534,'Hyundai Grand i10 [2017-2020] Magna 1.2 Kappa VTVT',2017,24,222,3,'silver','25966','1st','6145.50'),(535,'Toyota Yaris [2018-2021] J',2019,96,63,6,'brown','9242','1st','10325.35'),(536,'Maruti Suzuki Alto K10 [2014-2019] VXi (O)',2016,46,196,4,'white','38868','2nd','4044.28'),(537,'Honda City [2008-2013] V AT',2011,13,88,3,'black','90745','1st','5478.99'),(538,'Hyundai Verna [2011-2015] Fluidic 1.6 VTVT SX',2014,33,162,3,'white','88267','1st','6755.54'),(539,'Maruti Suzuki Ritz [2009-2012] VXI',2012,57,229,4,'blue','40411','1st','4507.46'),(540,'MG Motors Hector 2.0 Sharp',2020,69,164,4,'silver','13185','1st','20582.92'),(541,'Hyundai Venue SX 1.0  Turbo',2019,32,216,6,'blue','21628','1st','11240.40'),(542,'Renault Triber RXZ AMT',2020,79,28,3,'blue','43164','1st','8495.26'),(543,'Maruti Suzuki Alto [2010-2013] LXI',2011,44,182,4,'black','16061','2nd','3004.97'),(544,'Hyundai Elite i20 [2018-2020] Sportz Plus 1.2',2020,20,223,3,'white','17156','1st','9444.19'),(545,'MG Motors Hector 2.0 Sharp',2020,69,164,4,'silver','13185','1st','20582.92'),(546,'Hyundai Xcent [2014-2017] SX AT (O) Petrol',2015,36,33,1,'blue','65025','1st','6224.58'),(547,'Hyundai Elite i20 [2014-2018] Magna 1.2',2016,21,221,4,'blue','94389','1st','6416.63'),(548,'Ford EcoSport [2015-2017] Titanium 1.5L Ti-VCT',2017,5,85,4,'black','12761','2nd','9071.40'),(549,'MG Motors Hector 2.0 Sharp',2020,69,165,6,'silver','13185','1st','20582.92'),(550,'Hyundai Grand i10 [2013-2017] Sportz 1.2 Kappa VTVT',2014,24,224,4,'black','26974','1st','5388.61'),(551,'Maruti Suzuki Ritz [2012-2017] Zxi',2014,56,186,4,'silver','64291','2nd','4597.83'),(552,'MG Motors Hector 2.0 Sharp',2020,69,165,6,'silver','13185','1st','20582.92'),(553,'Maruti Suzuki Swift Dzire [2012-2017] VXi',2013,63,192,4,'beige','23778','1st','5908.27'),(554,'Maruti Suzuki Alto 800 Vxi',2021,45,150,4,'grey','10563','1st','4631.72'),(555,'Hyundai Verna SX Opt IVT Petrol',2020,34,68,3,'black','7594','1st','16064.17'),(556,'Hyundai Fluidic Verna 4S [2015-2018] 1.6 VTVT SX',2017,23,90,4,'white','25068','1st','9308.63'),(557,'Kia Seltos GTX Plus',2020,38,259,6,'white','25450','1st','17950.75'),(558,'Maruti Suzuki Alto 800 Vxi Plus',2020,45,150,4,'blue','21075','1st','4857.66'),(559,'Renault Triber RXZ',2020,79,26,4,'white','27215','1st','8348.40'),(560,'Toyota Yaris [2018-2021] J',2020,96,65,6,'brown','7122','1st','10099.41'),(561,'Hyundai Elite i20 [2018-2020] Asta 1.2',2018,21,36,3,'red','13948','1st','8981.02'),(562,'Toyota Yaris [2018-2021] VX CVT',2020,96,66,4,'white','37283','2nd','11601.90'),(563,'Toyota Yaris [2018-2021] J',2020,96,65,6,'brown','7122','1st','10099.41'),(564,'Hyundai i20 [2012-2014] Sportz 1.2',2014,27,226,4,'blue','62692','2nd','5478.99'),(565,'Hyundai Verna [2017-2020] 1.6 VTVT SX (O) AT',2019,34,285,5,'silver','6165','1st','14301.85'),(566,'Toyota Yaris [2018-2021] VX CVT',2020,96,66,4,'white','37283','2nd','11601.90'),(567,'Toyota Yaris [2018-2021] J',2020,96,63,6,'brown','7122','1st','10099.41'),(568,'Hyundai Verna SX Opt Diesel',2020,34,71,6,'grey','16234','1st','16538.64'),(569,'Toyota Yaris [2018-2021] VX CVT',2020,96,64,4,'white','37283','2nd','11601.90'),(570,'Toyota Yaris [2018-2021] J',2020,96,63,6,'brown','7122','1st','10099.41'),(571,'MG Motors Hector 1.5 Sharp DCT AT',2019,69,166,5,'red','25219','1st','19204.70'),(572,'Hyundai Elite i20 [2018-2020] Sportz 1.2',2018,21,36,3,'grey','39742','1st','7806.15'),(573,'Toyota Yaris [2018-2021] VX CVT',2020,96,64,4,'white','37283','2nd','11601.90'),(574,'Hyundai i10 [2010-2016] Magna 1.2 Petrol',2012,26,220,4,'red','44478','2nd','3874.83'),(575,'Mahindra Scorpio [2014-2017] S10',2015,39,112,4,'blue','94751','2nd','10325.35'),(576,'Maruti Suzuki Ciaz Alpha Petrol',2019,49,213,4,'blue','41804','1st','9749.21'),(577,'Maruti Suzuki Ciaz Alpha Petrol',2020,49,213,4,'blue','26246','1st','10969.27'),(578,'Maruti Suzuki Wagon R 1.0 [2015-2019] VXI AMT',2017,66,203,4,'grey','27876','1st','5784.00'),(579,'Hyundai i10 [2010-2016] Sportz 1.2 Petrol',2011,26,143,4,'golden','85895','1st','4089.47'),(580,'Maruti Suzuki Ciaz [2014-2017] ZXi AT',2015,49,3,1,'brown','93570','2nd','6699.05'),(581,'Hyundai Elite i20 [2014-2018] Asta 1.4 CRDI (O)',2017,21,276,6,'red','51511','1st','8901.94'),(582,'Maruti Suzuki Swift Dzire [2012-2017] VXI AT',2014,63,192,1,'white','70563','2nd','5637.14'),(583,'Datsun Redi-GO [2015-2019] T (O)',2017,4,6,4,'red','42187','1st','3389.06'),(584,'Ford Freestyle [2017-2021] Titanium 1.2',2020,9,46,3,'golden','14965','1st','8224.13'),(585,'Hyundai Elite i20 [2014-2018] Asta 1.4 CRDI (O)',2016,21,276,6,'blue','88795','1st','7840.04'),(586,'Maruti Suzuki Swift [2011-2017] VDi',2012,62,134,4,'black','82049','1st','5162.68'),(587,'Hyundai i10 [2010-2016] Magna 1.2 Petrol',2011,26,220,4,'red','70581','2nd','3840.94'),(588,'Renault Kwid [2015-2019] RXE',2015,76,244,4,'bronze','33390','1st','3242.21'),(589,'Hyundai i20 [2012-2014] Asta 1.2',2013,27,227,4,'grey','45000','2nd','5467.69'),(590,'Maruti Suzuki Dzire [2017-2020] ZXi Plus',2018,50,44,3,'blue','16257','1st','8529.15'),(591,'Maruti Suzuki Alto K10 [2014-2019] VXi',2018,46,196,4,'red','64194','1st','4575.24'),(592,'Maruti Suzuki Ritz [2009-2012] VXI',2011,57,229,4,'brown','53349','1st','4213.74'),(593,'Renault Duster [2015-2016] 85 PS RXL EXPLORE',2015,74,128,4,'white','87057','1st','8337.10'),(594,'Maruti Suzuki Celerio [2014-2021] VXi AMT',2014,48,195,3,'silver','87635','1st','4563.94'),(595,'Mahindra XUV 300 W8 (O) Diesel',2020,41,87,6,'white','39894','1st','14426.12'),(596,'Maruti Suzuki Wagon R 1.0 [2010-2019] VXI',2011,67,188,4,'grey','77919','1st','3592.41'),(597,'Maruti Suzuki Eeco 5 STR WITH A/C+HTR',2018,51,124,4,'grey','24630','1st','5106.19'),(598,'Hyundai Santro Xing [2007-2014] GLS',2012,31,249,4,'white','23227','1st','4123.36'),(599,'Honda City [2017-2020] VX',2018,12,173,3,'white','14861','1st','11308.18'),(600,'Ford EcoSport [2015-2017] Titanium 1.5L Ti-VCT AT',2017,5,86,5,'white','84118','1st','8212.83'),(601,'Maruti Suzuki Alto K10 [2010-2014] VXi',2013,46,189,4,'red','74834','1st','3400.36'),(602,'MG Motors Hector 1.5 Sharp DCT AT',2019,69,166,5,'black','24564','1st','19204.70'),(603,'Hyundai i10 [2010-2016] Magna Petrol',2014,26,110,4,'red','61455','1st','4338.00'),(604,'Hyundai New Santro 1.1 Era Executive',2018,30,29,4,'white','22735','1st','5049.71'),(605,'Maruti Suzuki Ritz [2009-2012] VXI',2012,57,229,4,'red','39719','1st','4767.28'),(606,'Honda WR-V VX i-VTEC',2019,16,177,4,'brown','23697','1st','9692.72'),(607,'MG Motors Hector 2.0 Sharp',2020,69,164,4,'white','51686','1st','22119.30'),(608,'Maruti Suzuki Celerio [2014-2021] ZXi (O) AMT',2017,48,200,3,'grey','84623','1st','5445.10'),(609,'Maruti Suzuki Alto K10 [2010-2014] LXi',2011,46,198,4,'black','54857','2nd','2959.78'),(610,'MG Motors Hector 2.0 Sharp',2020,69,164,4,'white','51686','1st','22119.30'),(611,'Hyundai Creta [2015-2018] 1.6 SX',2017,19,279,6,'black','50749','1st','12991.41'),(612,'MG Motors Hector 2.0 Sharp',2020,69,165,6,'white','51686','1st','22119.30'),(613,'Maruti Suzuki Alto K10 [2010-2014] VXi',2013,46,189,4,'red','59394','1st','3479.44'),(614,'Honda Mobilio [2014-2017] S Petrol',2015,15,76,4,'red','45754','2nd','6834.61'),(615,'MG Motors Hector 2.0 Sharp',2020,69,165,6,'white','51686','1st','22119.30'),(616,'Mahindra Scorpio [2014-2017] S10 AT',2015,39,112,5,'white','72696','1st','12618.62'),(617,'Maruti Suzuki Ciaz Alpha Petrol',2020,49,213,4,'white','8617','1st','11556.71'),(618,'Honda Jazz [2015-2020] SV MT',2016,14,178,3,'silver','36822','1st','6563.49'),(619,'Renault Duster [2015-2019] 110 PS RXZ 4X2 MT',2018,74,61,6,'bronze','57995','1st','11511.52'),(620,'Hyundai Grand i10 [2013-2017] Asta AT 1.2 Kappa VTVT',2015,24,224,1,'orange','99001','1st','5716.22'),(621,'Ford Freestyle [2017-2021] Titanium 1.2',2018,9,46,3,'red','29028','1st','7173.52'),(622,'MG Motors Hector 2.0 Sharp',2020,69,164,4,'red','32604','1st','22345.23'),(623,'MG Motors Hector 2.0 Sharp',2020,69,164,4,'red','32604','1st','22345.23'),(624,'Hyundai Elite i20 [2014-2018] Sportz 1.2',2017,21,221,4,'blue','85933','1st','6891.10'),(625,'MG Motors Hector 2.0 Sharp',2020,69,165,6,'red','32604','1st','22345.23'),(626,'Datsun GO [2014-2019] T',2014,3,144,4,'red','55890','2nd','3276.10'),(627,'MG Motors Hector 2.0 Sharp',2020,69,165,6,'red','32604','1st','22345.23'),(628,'Maruti Suzuki Ritz [2009-2012] VXI',2012,57,229,4,'silver','46627','1st','4654.32'),(629,'Maruti Suzuki Baleno [2015-2019] Zeta Petrol',2018,47,55,4,'blue','16123','1st','8483.96'),(630,'Honda City V',2017,12,172,4,'grey','45868','1st','9918.66'),(631,'Volkswagen Vento [2010-2015] Highline Petrol AT',2013,100,105,5,'black','88105','1st','6122.91'),(632,'Maruti Suzuki Ritz [2012-2017] Vxi',2013,56,186,4,'brown','68876','1st','4846.36'),(633,'Maruti Suzuki Alto 800 [2012-2016] LXI Anniversary Edition',2013,45,148,3,'purple','22801','1st','3456.85'),(634,'MG Motors Hector 1.5 Sharp DCT AT',2019,69,166,5,'black','20761','1st','19430.64'),(635,'Ford EcoSport [2013-2015] Trend 1.5L TDCi',2013,5,74,4,'silver','95381','1st','6314.96'),(636,'Ford EcoSport [2013-2015] Titanium 1.5L Ti-VCT AT',2013,5,84,5,'white','47068','1st','7998.19'),(637,'Maruti Suzuki Alto 800 [2012-2016] LXI Anniversary Edition',2013,45,148,3,'purple','22801','1st','3456.85'),(638,'Ford EcoSport [2013-2015] Titanium 1.0L Ecoboost',2014,5,145,4,'white','48060','1st','7659.29'),(639,'Honda Jazz V MT',2016,14,30,4,'orange','22856','1st','7060.55'),(640,'Maruti Suzuki Ritz [2012-2017] Zxi',2016,56,186,4,'white','56280','1st','5908.27'),(641,'Maruti Suzuki Ciaz Alpha AT Petrol',2019,49,209,1,'white','15251','2nd','11285.59'),(642,'Maruti Suzuki Alto 800 [2012-2016] LXI Anniversary Edition',2013,45,147,4,'purple','22801','1st','3456.85'),(643,'Honda WR-V VX i-VTEC',2017,16,177,4,'grey','37043','1st','8416.18'),(644,'Maruti Suzuki Alto K10 [2014-2019] VXi (O)',2016,46,196,4,'orange','80307','2nd','3682.78'),(645,'Hyundai Elite i20 [2014-2018] Sportz 1.2',2017,21,221,4,'grey','57394','1st','7647.99'),(646,'Maruti Suzuki Alto 800 [2012-2016] LXI Anniversary Edition',2013,45,147,4,'purple','22801','1st','3456.85'),(647,'Mahindra Scorpio [2014-2017] S10 AT',2015,39,112,5,'white','79576','1st','11884.32'),(648,'Maruti Suzuki Eeco AC 5 STR',2020,51,125,4,'grey','26856','1st','5591.96'),(649,'Maruti Suzuki Baleno [2015-2019] Alpha Petrol',2018,47,55,4,'blue','16373','1st','8709.90'),(650,'Hyundai Fluidic Verna 4S [2015-2018] 1.6 VTVT SX',2017,23,90,4,'white','29759','1st','9647.54'),(651,'Hyundai Xcent [2017-2019] SX Petrol',2019,36,52,4,'grey','9421','1st','8596.93'),(652,'Maruti Suzuki Ciaz [2014-2017] ZXi AT',2016,49,3,1,'red','31207','1st','9297.33'),(653,'Maruti Suzuki Baleno [2015-2019] Alpha Petrol',2016,47,55,4,'blue','56204','2nd','7309.08'),(654,'Ford EcoSport [2015-2017] Titanium 1.5L Ti-VCT',2017,5,85,4,'red','28559','1st','8901.94'),(655,'Maruti Suzuki Alto K10 [2010-2014] VXi',2013,46,189,4,'red','29217','1st','3795.75'),(656,'Honda City V',2017,12,172,4,'grey','16936','1st','9907.37'),(657,'MG Motors Hector 1.5 Hybrid Smart',2019,69,167,5,'black','28787','1st','17950.75'),(658,'Maruti Suzuki Ritz [2012-2017] Vxi',2013,56,186,4,'white','18214','1st','5196.57'),(659,'Maruti Suzuki Dzire VXI',2021,50,40,4,'silver','15443','1st','8291.91'),(660,'Maruti Suzuki Omni [2011-2019] E 8 STR BS-IV',2014,55,118,2,'silver','57964','2nd','3784.46'),(661,'Hyundai Elite i20 [2014-2018] Asta 1.4 CRDI',2015,21,276,6,'white','92256','1st','7783.55'),(662,'Ford EcoSport [2017-2020] Titanium + 1.5L Ti-VCT AT',2019,5,270,5,'white','60197','1st','11070.94'),(663,'Hyundai Elite i20 [2014-2018] Sportz 1.2',2016,21,221,4,'grey','49826','1st','7467.24'),(664,'Maruti Suzuki Ritz [2009-2012] VXI',2011,57,229,4,'grey','54318','2nd','4157.25'),(665,'Honda City [2008-2013] V',2013,13,89,4,'red','73382','1st','6450.52'),(666,'Honda Mobilio [2014-2017] V Petrol',2015,15,76,4,'silver','42933','2nd','7207.41'),(667,'Maruti Suzuki Alto 800 Vxi Plus',2020,45,150,4,'grey','7140','1st','5038.41'),(668,'Hyundai i10 [2010-2016] Sportz Petrol',2014,26,143,4,'grey','55319','1st','4959.33'),(669,'Maruti Suzuki Baleno [2015-2019] Delta Petrol',2016,47,55,4,'blue','62811','1st','6936.29'),(670,'Maruti Suzuki Baleno [2019-2022] Alpha Petrol',2019,47,55,4,'blue','26533','1st','9195.66'),(671,'Ford EcoSport [2017-2020] Titanium + 1.5L Ti-VCT AT',2018,5,270,5,'silver','39105','1st','12042.48'),(672,'Hyundai i20 Active [2015-2020] 1.2 SX',2018,28,51,3,'silver','29086','1st','9523.27'),(673,'Hyundai Verna SX Opt IVT Petrol',2020,34,68,3,'blue','18146','1st','16470.85'),(674,'Maruti Suzuki Alto 800 Lxi',2019,45,150,4,'white','15928','1st','4417.08'),(675,'MG Motors Hector 2.0 Sharp',2021,69,164,4,'white','49279','1st','22413.01'),(676,'MG Motors Hector 2.0 Sharp',2021,69,164,4,'white','49279','1st','22413.01'),(677,'Hyundai New i20 Asta 1.0 Turbo IMT',2021,29,8,5,'grey','14133','1st','11680.98'),(678,'Hyundai Elite i20 [2014-2018] Asta 1.4 CRDI (O)',2016,21,276,6,'red','29602','1st','9195.66'),(679,'MG Motors Hector 2.0 Sharp',2021,69,165,6,'white','49279','1st','22413.01'),(680,'Maruti Suzuki Alto K10 [2014-2019] VXi',2015,46,196,4,'blue','29978','2nd','3953.91'),(681,'MG Motors Hector 1.5 Sharp DCT AT',2020,69,166,5,'silver','26994','1st','20040.67'),(682,'MG Motors Hector 2.0 Sharp',2021,69,165,6,'white','49279','1st','22413.01'),(683,'Maruti Suzuki Dzire [2017-2020] ZXi Plus',2018,50,44,3,'grey','32454','1st','8619.52'),(684,'Renault Kwid [2015-2019] RXT',2018,76,243,4,'red','12582','1st','4631.72'),(685,'Maruti Suzuki Ritz [2012-2017] Vxi',2013,56,186,4,'white','47642','2nd','5140.08'),(686,'Hyundai Santro Xing [2007-2014] GLS',2011,31,249,4,'maroon','57259','2nd','3705.38'),(687,'Maruti Suzuki Swift Dzire [2012-2017] VDI',2012,63,135,4,'beige','70628','1st','5501.58'),(688,'Hyundai Eon [2011-2018] Sportz',2017,22,245,4,'white','40158','1st','4823.77'),(689,'Mahindra XUV500 [2011-2015] W8',2015,42,113,6,'silver','66820','2nd','11918.21'),(690,'Ford Figo [2019-2021] Titanium Diesel',2020,6,266,4,'grey','11762','1st','8890.65'),(691,'Ford Figo Aspire [2015-2019] Titanium 1.2 Ti-VCT',2018,8,269,4,'blue','21089','1st','6269.77'),(692,'Hyundai i20 [2012-2014] Sportz 1.2',2013,27,226,4,'bronze','50665','1st','5467.69'),(693,'Ford Figo [2019-2021] Titanium Diesel',2020,6,266,4,'grey','11762','1st','8890.65'),(694,'Maruti Suzuki Celerio [2014-2021] VXi AMT',2014,48,195,3,'blue','7779','1st','4902.85'),(695,'Hyundai Verna [2011-2015] Fluidic 1.6 VTVT SX Opt',2013,33,160,3,'white','42283','1st','7026.66'),(696,'Ford Figo [2019-2021] Titanium Diesel',2020,6,265,4,'grey','11762','1st','8890.65'),(697,'Hyundai i10 [2010-2016] Sportz AT Petrol',2011,26,142,1,'red','48267','2nd','3931.31'),(698,'Maruti Suzuki Celerio [2014-2021] VXI (O)',2017,48,195,3,'silver','79767','1st','4778.58'),(699,'Ford Figo [2019-2021] Titanium Diesel',2020,6,265,4,'grey','11762','1st','8890.65'),(700,'Maruti Suzuki Swift [2011-2017] ZDi',2014,61,134,4,'grey','48079','1st','6281.07'),(701,'Maruti Suzuki Ciaz Alpha(Petrol)',2018,49,207,4,'blue','48524','1st','9173.07'),(702,'Hyundai Grand i10 [2017-2020] Magna 1.2 Kappa VTVT',2017,24,222,3,'white','18411','1st','5942.16'),(703,'Hyundai Grand i10 [2013-2017] Asta 1.2 Kappa VTVT',2014,24,224,4,'orange','42290','1st','5049.71'),(704,'Maruti Suzuki S-Presso VXI+',2021,59,201,4,'silver','4704','1st','6201.99'),(705,'Volkswagen Polo [2014-2020] Highline 1.5 (D)',2014,99,268,3,'blue','54723','1st','6427.93'),(706,'Hyundai Grand i10 [2017-2020] Magna 1.2 Kappa VTVT',2018,24,222,3,'grey','42101','1st','6450.52'),(707,'Maruti Suzuki Celerio [2014-2021] ZXi AMT',2016,48,195,3,'red','44272','1st','5930.86'),(708,'Toyota Yaris [2018-2021] VX CVT',2018,96,66,4,'brown','73664','1st','11421.15'),(709,'Hyundai Xcent [2017-2019] SX Petrol',2018,36,52,4,'grey','14197','1st','8009.49'),(710,'Toyota Yaris [2018-2021] VX CVT',2018,96,66,4,'brown','73664','1st','11421.15'),(711,'Hyundai Elite i20 [2014-2018] Asta 1.2',2017,21,221,4,'blue','57359','1st','8404.88'),(712,'Toyota Yaris [2018-2021] VX CVT',2018,96,64,4,'brown','73664','1st','11421.15'),(713,'Honda City V',2019,12,172,4,'brown','13791','1st','11093.54'),(714,'Toyota Yaris [2018-2021] VX CVT',2018,96,64,4,'brown','73664','1st','11421.15'),(715,'Maruti Suzuki Vitara Brezza [2016-2020] ZDI PLUS Dual Tone',2016,65,133,3,'yellow','76060','1st','9952.55'),(716,'Maruti Suzuki Ciaz [2014-2017] ZXI+',2016,49,207,4,'brown','69045','1st','7896.52'),(717,'Tata Altroz XZ 1.2',2021,83,41,4,'white','5389','1st','9421.60'),(718,'Mahindra Scorpio [2014-2017] S4 Plus',2015,39,112,4,'black','64338','1st','10347.94'),(719,'Hyundai Elite i20 [2014-2018] Asta 1.2 (O)',2016,21,35,4,'white','25382','1st','8201.54'),(720,'Honda Amaze 1.2 VX CVT i-VTEC',2019,10,180,4,'brown','17691','1st','9941.26'),(721,'Hyundai Xcent [2014-2017] SX Petrol',2015,36,34,4,'red','68611','1st','5840.49'),(722,'Tata Punch Creative Dual Tone',2022,88,49,3,'white','19734','1st','9839.58'),(723,'Maruti Suzuki Alto K10 [2010-2014] VXi',2012,46,189,4,'red','67041','1st','3547.22'),(724,'Hyundai Grand i10 [2013-2017] Asta AT 1.2 Kappa VTVT',2016,24,224,1,'white','30045','2nd','6473.11'),(725,'Hyundai Grand i10 [2017-2020] Sportz (O) 1.2 kappa VTVT',2017,24,222,3,'silver','16150','1st','6710.35'),(726,'MG Motors Hector 2.0 Sharp',2020,69,164,4,'red','30234','1st','22808.40'),(727,'Hyundai Eon [2011-2018] Sportz',2018,22,245,4,'red','11225','1st','5128.78'),(728,'Hyundai Verna SX Opt Petrol',2021,34,69,5,'silver','21557','1st','15431.54'),(729,'Renault Lodgy [2015-2019] 110 PS RXZ',2015,77,127,6,'silver','73760','1st','7060.55'),(730,'MG Motors Hector 2.0 Sharp',2020,69,164,4,'red','30234','1st','22808.40'),(731,'Toyota Glanza [2019-2022] G',2020,95,252,4,'white','30130','1st','8868.05'),(732,'MG Motors Hector 2.0 Sharp',2020,69,165,6,'red','30234','1st','22808.40'),(733,'Ford EcoSport [2017-2021] Titanium 1.5L TDCi',2019,5,263,3,'blue','67732','1st','10788.52'),(734,'Toyota Glanza [2019-2022] G',2020,95,252,4,'white','30130','1st','8868.05'),(735,'Maruti Suzuki Alto K10 [2010-2014] VXi',2011,46,189,4,'red','67463','2nd','3095.35'),(736,'Renault Kwid RXT',2019,76,5,3,'white','23160','1st','4835.07'),(737,'Toyota Glanza [2019-2022] G',2020,95,250,4,'white','30130','1st','8868.05'),(738,'Hyundai i20 [2012-2014] Sportz 1.2',2012,27,226,4,'white','41191','1st','5140.08'),(739,'Renault Kiger RXZ AMT Dual Tone',2021,75,15,3,'grey','30322','1st','10460.91'),(740,'MG Motors Hector 2.0 Sharp',2020,69,165,6,'red','30234','1st','22808.40'),(741,'Toyota Glanza [2019-2022] G',2020,95,250,4,'white','30130','1st','8868.05'),(742,'Hyundai Elite i20 [2014-2018] Asta 1.4 CRDI',2017,21,276,6,'white','33545','1st','9896.07'),(743,'Maruti Suzuki Baleno [2019-2022] Delta Petrol',2019,47,55,4,'blue','24618','1st','8111.16'),(744,'Renault Duster [2015-2019] 110 PS RXZ 4X2 AMT',2018,74,129,6,'grey','18005','1st','13149.57'),(745,'Maruti Suzuki S-Presso VXI+',2019,59,201,4,'white','15878','2nd','5253.05'),(746,'Toyota Etios Liva [2010-2017] V',2012,94,121,3,'silver','42200','2nd','4778.58'),(747,'Maruti Suzuki Baleno [2019-2022] Delta Petrol',2020,47,55,4,'blue','4337','1st','8461.36'),(748,'Honda City [2017-2020] ZX CVT',2017,12,169,3,'white','34480','1st','13307.73'),(749,'Volkswagen Polo [2015-2019] Highline1.2L (P)',2016,99,238,4,'silver','44885','1st','7489.83'),(750,'Honda Amaze [2018-2021] 1.2 VX i-VTEC',2019,10,180,4,'brown','20604','1st','8642.11'),(751,'Toyota Etios Liva [2010-2017] V',2012,94,121,3,'silver','42200','2nd','4778.58'),(752,'Maruti Suzuki Baleno [2019-2022] Zeta AT Petrol',2019,47,56,4,'blue','31171','1st','9173.07'),(753,'Renault Kiger RXZ MT Dual Tone',2021,75,17,3,'grey','9015','1st','9997.74'),(754,'Maruti Suzuki Baleno [2019-2022] Zeta AT Petrol',2019,47,56,4,'blue','31171','1st','9173.07'),(755,'Toyota Etios Liva [2010-2017] V',2012,94,120,4,'silver','42200','2nd','4778.58'),(756,'Hyundai Elite i20 [2014-2018] Sportz 1.2',2016,21,221,4,'red','56348','1st','7433.35'),(757,'Toyota Etios Liva [2010-2017] V',2012,94,120,4,'silver','42200','2nd','4778.58'),(758,'Maruti Suzuki Alto K10 [2014-2019] VXi',2015,46,196,4,'red','74114','2nd','3615.00'),(759,'Maruti Suzuki Baleno [2019-2022] Zeta AT Petrol',2019,47,55,4,'blue','31171','1st','9173.07'),(760,'Honda City [2017-2020] ZX CVT',2018,12,169,3,'brown','16006','1st','14008.13'),(761,'Hyundai Verna [2017-2020] 1.6 VTVT SX (O) AT',2017,34,285,5,'white','48583','1st','12426.57'),(762,'Hyundai Creta [2015-2018] 1.6 SX Plus Petrol',2016,19,242,6,'white','52631','3rd','9715.32'),(763,'Hyundai Elite i20 [2018-2020] Asta 1.2',2018,21,36,3,'white','27617','1st','8495.26'),(764,'Hyundai i10 [2010-2016] Sportz Petrol',2014,26,143,4,'grey','98109','1st','4643.02'),(765,'Maruti Suzuki Baleno [2019-2022] Zeta AT Petrol',2019,47,55,4,'blue','31171','1st','9173.07'),(766,'Honda City [2014-2017] VX CVT',2016,12,171,4,'silver','43992','1st','10122.01'),(767,'Maruti Suzuki Dzire ZXI',2021,50,43,4,'blue','5744','1st','9026.21'),(768,'Maruti Suzuki Baleno [2019-2022] Alpha AT Petrol',2019,47,56,4,'grey','17246','1st','9816.99'),(769,'Maruti Suzuki Ciaz Alpha Petrol',2020,49,213,4,'silver','17050','1st','11048.35'),(770,'Maruti Suzuki Wagon R 1.2 [2019-2022] ZXI',2019,68,206,4,'silver','18988','1st','7060.55'),(771,'Maruti Suzuki Baleno [2019-2022] Alpha AT Petrol',2019,47,56,4,'grey','17246','1st','9816.99'),(772,'Maruti Suzuki Baleno [2019-2022] Alpha AT Petrol',2019,47,55,4,'grey','17246','1st','9816.99'),(773,'Maruti Suzuki S-Presso VXI+',2020,59,201,4,'grey','6470','1st','6111.61'),(774,'Maruti Suzuki Alto 800 Vxi',2019,45,150,4,'grey','18066','1st','4643.02'),(775,'Maruti Suzuki Swift [2011-2017] VDi',2014,62,134,4,'silver','74660','2nd','6100.32'),(776,'Maruti Suzuki Baleno [2019-2022] Alpha AT Petrol',2019,47,55,4,'grey','17246','1st','9816.99'),(777,'Nissan Magnite XV Premium Turbo CVT',2022,71,22,3,'brown','3832','1st','12494.35'),(778,'Mahindra Scorpio [2014-2017] S4 Plus',2017,39,112,4,'white','41060','1st','13172.16'),(779,'Maruti Suzuki Celerio [2014-2021] VXi AMT',2015,48,195,3,'blue','47060','1st','5241.75'),(780,'Hyundai Venue [2019-2021] SX 1.0 (O) Turbo',2020,32,218,6,'blue','49130','1st','12415.27'),(781,'Maruti Suzuki Baleno [2019-2022] Alpha Petrol',2019,47,55,4,'white','32801','1st','9286.04'),(782,'Hyundai Venue SX 1.0  Turbo',2020,32,216,6,'blue','37489','1st','11229.10'),(783,'Ford EcoSport [2017-2020] Titanium + 1.5L Ti-VCT AT',2017,5,270,5,'brown','73428','1st','9410.30'),(784,'Maruti Suzuki Alto 800 Vxi',2021,45,150,4,'grey','4773','1st','5185.27'),(785,'Maruti Suzuki Dzire [2017-2020] ZXi Plus AMT',2018,50,48,3,'white','46517','1st','8856.76'),(786,'Hyundai Verna [2017-2020] 1.6 VTVT SX (O) AT',2018,34,285,5,'brown','25198','1st','13228.65'),(787,'Maruti Suzuki Eeco AC 5 STR',2021,51,125,4,'silver','14560','1st','5716.22'),(788,'Honda Amaze [2018-2021] 1.2 VX i-VTEC',2020,10,180,4,'white','7981','1st','9489.38'),(789,'Hyundai Venue [2019-2022] SX Plus 1.0 Turbo DCT',2019,32,215,8,'blue','44781','1st','13160.87'),(790,'Hyundai Elite i20 [2018-2020] Sportz Plus 1.2',2020,20,223,3,'grey','30169','1st','9139.18'),(791,'Maruti Suzuki Omni [2011-2019] E 8 STR BS-IV',2019,55,118,2,'blue','27409','1st','4473.57'),(792,'Renault Duster [2012-2015] 85 PS RxL (Opt)',2013,74,59,4,'silver','88547','1st','6981.47'),(793,'Honda Amaze [2013-2018] 1.2 VX i-VTEC',2015,10,122,4,'white','53600','2nd','6145.50'),(794,'Volkswagen Ameo [2016-2020] Highline1.2L (P)',2016,97,234,3,'brown','46922','2nd','6145.50'),(795,'Maruti Suzuki Swift Dzire [2012-2017] VDI',2013,63,135,4,'silver','61796','1st','6077.72'),(796,'Hyundai Elite i20 [2018-2020] Sportz Plus 1.2',2019,20,223,3,'blue','23505','1st','8698.60'),(797,'Hyundai i20 Active [2015-2020] 1.4 SX (O)',2016,28,57,5,'white','65232','2nd','7975.60'),(798,'Hyundai i10 [2010-2016] Era Petrol',2012,26,109,4,'black','64378','1st','3773.16'),(799,'Volkswagen Ameo [2016-2020] Highline1.2L (P)',2016,97,234,3,'brown','26094','1st','6857.21'),(800,'Maruti Suzuki Baleno [2015-2019] Alpha Petrol',2018,47,55,4,'blue','41244','1st','8630.82'),(801,'Chevrolet Beat [2009-2014] PS Petrol',2013,1,258,4,'grey','52501','1st','3084.05'),(802,'Maruti Suzuki S-Presso VXI+',2021,59,201,4,'red','34872','1st','5817.89'),(803,'Hyundai Elite i20 [2014-2018] Asta 1.2',2015,21,221,4,'grey','91933','1st','6812.02'),(804,'Maruti Suzuki Alto K10 [2010-2014] VXi',2011,46,189,4,'black','60256','2nd','2767.74'),(805,'Maruti Suzuki Alto 800 Vxi Plus',2020,45,150,4,'red','7401','1st','4812.47'),(806,'Hyundai Grand i10 [2017-2020] Magna 1.2 Kappa VTVT',2017,24,222,3,'silver','39437','1st','5885.68'),(807,'Ford Figo [2010-2015] Duratec Petrol ZXI 1.2',2011,7,94,4,'green','84494','2nd','3276.10'),(808,'Maruti Suzuki Ciaz [2014-2017] ZXI+ AT',2016,49,187,3,'brown','99144','1st','8517.85'),(809,'Maruti Suzuki Ertiga [2015-2018] ZDI + SHVS',2018,52,138,4,'blue','58025','1st','12324.90'),(810,'Hyundai Xcent [2017-2019] SX (O) Petrol',2017,36,52,4,'white','49335','2nd','6981.47'),(811,'Hyundai Xcent [2014-2017] S Petrol',2015,36,34,4,'white','89133','1st','5309.53'),(812,'Maruti Suzuki Baleno [2019-2022] Alpha Petrol',2019,47,55,4,'blue','13197','1st','9195.66'),(813,'Hyundai Grand i10 [2013-2017] Asta AT 1.2 Kappa VTVT',2014,24,224,1,'orange','51531','1st','6111.61'),(814,'Maruti Suzuki Dzire [2017-2020] VDI',2018,50,2,3,'white','50664','1st','8630.82'),(815,'Renault Kwid [2015-2019] 1.0 RXT Opt',2019,76,248,4,'white','60983','1st','4857.66'),(816,'Hyundai Eon [2011-2018] Era + SE',2017,22,245,4,'white','40187','1st','4405.78'),(817,'Mahindra XUV500 [2015-2018] W10',2015,42,114,6,'white','60985','1st','14301.85'),(818,'Honda Amaze [2013-2018] 1.2 S i-VTEC',2014,10,176,4,'silver','61881','2nd','4857.66'),(819,'Renault Duster [2015-2019] 85 PS RXZ 4X2 MT',2017,74,60,4,'bronze','77127','2nd','9150.47'),(820,'Hyundai Venue SX 1.0  Turbo',2020,32,216,6,'blue','37005','1st','11635.79'),(821,'Renault Triber RXZ',2021,79,26,4,'white','32340','1st','8461.36'),(822,'Hyundai Grand i10 [2017-2020] Sportz 1.2 Kappa VTVT',2017,24,222,3,'silver','37237','2nd','5976.05'),(823,'Ford EcoSport [2015-2017] Titanium + 1.5L TDCi',2017,5,75,4,'grey','31080','1st','10528.69'),(824,'Maruti Suzuki Celerio [2014-2021] ZXi AMT',2015,48,195,3,'white','23217','1st','5772.71'),(825,'Maruti Suzuki Baleno [2015-2019] Delta Diesel',2017,47,130,4,'grey','64528','1st','8156.35'),(826,'Datsun GO [2014-2019] T',2015,3,144,4,'white','73892','1st','3151.83'),(827,'Maruti Suzuki Baleno [2019-2022] Alpha Petrol',2019,47,55,4,'blue','28967','1st','8947.13'),(828,'Maruti Suzuki Alto K10 [2014-2019] VXI AMT (O)',2017,46,191,4,'grey','46289','2nd','4394.49'),(829,'Maruti Suzuki Baleno [2015-2019] Zeta Petrol',2015,47,55,4,'grey','68796','1st','7004.07'),(830,'Hyundai Creta [2015-2018] 1.6 SX Plus Auto Petrol',2017,19,242,6,'white','69302','1st','13985.54'),(831,'Renault Duster [2015-2019] 110 PS RXZ 4X2 AMT',2018,74,129,6,'red','23783','1st','12844.55'),(832,'Mahindra XUV500 [2011-2015] W8',2015,42,113,6,'silver','40438','1st','12765.48'),(833,'Hyundai Elite i20 [2018-2020] Magna Plus 1.2',2020,20,223,3,'red','14502','1st','8687.30'),(834,'Honda City [2014-2017] SV',2014,12,159,4,'brown','55410','2nd','6360.14'),(835,'Hyundai Venue SX 1.0  Turbo',2020,32,216,6,'red','12699','1st','11782.65'),(836,'Maruti Suzuki Alto 800 [2016-2019] VXI (O)',2018,45,149,4,'grey','23745','1st','4530.05'),(837,'Hyundai Xcent [2014-2017] S Petrol',2014,36,34,4,'blue','38147','1st','5253.05'),(838,'Maruti Suzuki Omni [2011-2019] 5 STR BS-IV',2016,54,118,2,'silver','38717','1st','3784.46'),(839,'Toyota Etios Liva [2010-2017] G',2011,94,115,4,'silver','50857','1st','4586.53'),(840,'Honda WR-V i-DTEC VX',2019,16,175,6,'red','73732','1st','10336.65'),(841,'Kia Seltos GTX Plus DCT',2019,38,260,8,'white','23801','1st','19295.07'),(842,'Renault Kwid 1.0 RXT Opt',2021,76,251,3,'red','16742','1st','5964.75'),(843,'Hyundai Venue SX 1.0  Turbo',2019,32,216,6,'blue','12156','1st','11262.99'),(844,'Honda City [2017-2020] VX',2017,12,173,3,'brown','65581','3rd','8868.05'),(845,'Hyundai Grand i10 [2013-2017] Sportz 1.2 Kappa VTVT',2017,24,224,4,'white','39525','2nd','5908.27'),(846,'Hyundai Elite i20 [2014-2018] Sportz 1.2',2017,21,221,4,'red','39427','1st','7907.82'),(847,'Maruti Suzuki Alto K10 [2014-2019] VXi',2019,46,196,4,'red','27951','1st','4801.17'),(848,'Maruti Suzuki Celerio [2014-2021] VXi AMT',2014,48,195,3,'white','52004','1st','4959.33'),(849,'Maruti Suzuki Alto 800 [2012-2016] LXI',2013,45,151,4,'red','40545','1st','3603.71'),(850,'Skoda Superb [2014-2016] Elegance 1.8 TSI AT',2014,81,274,7,'red','46103','2nd','14674.65'),(851,'Hyundai New i20 Asta 1.0 Turbo IMT',2021,29,8,5,'silver','25975','1st','11590.60'),(852,'Maruti Suzuki S-Presso VXI',2021,59,202,4,'grey','15836','1st','5874.38'),(853,'Maruti Suzuki Alto 800 Vxi',2019,45,150,4,'red','2174','1st','4744.69'),(854,'Maruti Suzuki Eeco AC 5 STR',2020,51,125,4,'grey','11212','1st','5637.14'),(855,'Volkswagen Polo [2010-2014] Comfortline 1.2L (P)',2012,99,237,4,'silver','64878','1st','5083.60'),(856,'Hyundai Elite i20 [2014-2018] Asta 1.2',2015,21,221,4,'white','52501','1st','7478.54'),(857,'Hyundai i10 [2010-2016] Sportz 1.2 Petrol',2011,26,143,4,'grey','89303','1st','3987.80'),(858,'Hyundai Elite i20 [2014-2018] Asta 1.2',2014,21,221,4,'blue','38213','1st','7173.52'),(859,'Hyundai Creta [2015-2018] 1.6 SX Plus Auto Petrol',2017,19,242,6,'red','76978','1st','13691.82'),(860,'Maruti Suzuki Celerio [2014-2021] VXi AMT',2015,48,195,3,'silver','24655','1st','5535.47'),(861,'Renault Kiger RXZ AMT Dual Tone',2021,75,15,3,'red','6052','1st','10573.88'),(862,'Maruti Suzuki Celerio [2014-2021] VXi AMT (O)',2016,48,195,3,'white','54635','1st','5433.80'),(863,'Honda Amaze [2018-2021] 1.2 VX i-VTEC',2018,10,180,4,'white','33454','1st','8721.19'),(864,'Honda City [2017-2020] ZX CVT',2018,12,169,3,'brown','32939','1st','13386.81'),(865,'Maruti Suzuki Dzire [2017-2020] VXI AMT',2018,50,45,3,'blue','20326','1st','8325.80'),(866,'Tata Harrier XZ Dual Tone',2019,84,230,6,'white','19589','1st','19193.40'),(867,'Skoda Rapid [2011-2016] Elegance Diesel MT',2012,80,106,4,'beige','99495','1st','5264.35'),(868,'Renault Duster [2015-2019] 85 PS RXZ 4X2 MT',2017,74,60,4,'grey','54260','2nd','9737.91'),(869,'Maruti Suzuki S-Presso VXI CNG',2021,59,205,4,'silver','17101','1st','6913.69'),(870,'Toyota Etios Liva [2010-2017] V',2011,94,121,3,'red','50009','1st','4959.33'),(871,'Maruti Suzuki Eeco 5 STR WITH A/C+HTR',2017,51,124,4,'grey','39484','1st','4801.17'),(872,'Maruti Suzuki Ertiga [2012-2015] ZDi',2015,52,137,4,'brown','51844','1st','10291.46'),(873,'Toyota Etios Liva [2010-2017] V',2011,94,121,3,'red','50009','1st','4959.33'),(874,'Renault Kwid [2015-2019] RXT Opt',2019,76,244,4,'red','23342','1st','5524.18'),(875,'Ford EcoSport [2015-2017] Titanium + 1.5L TDCi',2016,5,75,4,'red','91463','2nd','7986.90'),(876,'Toyota Etios Liva [2010-2017] V',2011,94,120,4,'red','50009','1st','4959.33'),(877,'Hyundai Verna SX Opt Turbo Petrol',2020,34,7,7,'black','32464','1st','16425.67'),(878,'Hyundai Creta [2015-2018] 1.6 SX Plus',2017,19,279,6,'grey','88895','2nd','12403.98'),(879,'Hyundai Grand i10 [2013-2017] Asta 1.2 Kappa VTVT (O)',2015,24,224,4,'grey','32754','1st','6190.69'),(880,'Toyota Etios Liva [2010-2017] V',2011,94,120,4,'red','50009','1st','4959.33'),(881,'Honda WR-V i-DTEC VX',2019,16,175,6,'red','30457','1st','11658.38'),(882,'Chevrolet Beat [2014-2017] LS Petrol',2014,1,258,4,'green','45080','1st','3784.46'),(883,'Hyundai Grand i10 [2013-2017] Sportz 1.2 Kappa VTVT',2014,24,224,4,'orange','66963','1st','5253.05'),(884,'Maruti Suzuki S-Presso VXI+',2021,59,201,4,'grey','15113','1st','6134.21'),(885,'Volkswagen Ameo [2016-2020] Highline1.2L (P)',2016,97,234,3,'grey','81709','1st','6156.80'),(886,'Toyota Glanza [2019-2022] G',2021,95,252,4,'red','6738','1st','9568.46'),(887,'Hyundai Verna [2011-2015] Fluidic 1.6 VTVT SX',2014,33,162,3,'white','50071','1st','7783.55'),(888,'Nissan Micra Active [2012-2020] XV Safety Pack',2015,72,102,3,'silver','48656','1st','5366.02'),(889,'Hyundai New Santro 1.1 Asta MT',2018,30,29,4,'beige','33581','1st','5704.93'),(890,'Ford Freestyle [2017-2021] Titanium 1.2',2019,9,46,3,'red','17504','1st','7535.02'),(891,'Toyota Glanza [2019-2022] G',2021,95,252,4,'red','6738','1st','9568.46'),(892,'Tata Nano [2008-2014] LX',2013,85,123,2,'blue','33744','1st','2123.81'),(893,'Maruti Suzuki Eeco AC 5 STR',2020,51,125,4,'white','9832','1st','5591.96'),(894,'Hyundai Venue SX 1.0  Turbo',2019,32,216,6,'blue','18398','2nd','10246.27'),(895,'Toyota Glanza [2019-2022] G',2021,95,250,4,'red','6738','1st','9568.46'),(896,'Volkswagen Ameo [2016-2020] Highline1.2L (P)',2017,97,234,3,'brown','41757','1st','6992.77'),(897,'Ford Freestyle [2017-2021] Titanium 1.2',2018,9,46,3,'grey','43273','1st','6970.18'),(898,'Toyota Glanza [2019-2022] G',2021,95,250,4,'red','6738','1st','9568.46'),(899,'Hyundai Verna [2011-2015] Fluidic 1.6 VTVT SX AT',2014,33,162,1,'silver','52846','1st','8314.51'),(900,'Hyundai i20 Active [2015-2020] 1.4 SX',2015,28,57,5,'red','41086','1st','8450.07'),(901,'Maruti Suzuki Ritz [2012-2017] Vxi',2014,56,186,4,'silver','44193','1st','5298.24'),(902,'Honda City ZX',2020,12,78,6,'brown','18402','1st','15939.90'),(903,'Maruti Suzuki Baleno [2019-2022] Delta Petrol',2019,47,55,4,'silver','25418','1st','8258.02'),(904,'Ford Freestyle [2020-2021] Flair Edition Diesel',2020,9,72,3,'white','28335','2nd','8461.36'),(905,'Hyundai Xcent [2017-2019] S AT Petrol',2017,36,53,2,'red','36208','1st','7557.61'),(906,'Maruti Suzuki Alto K10 [2014-2019] VXi',2018,46,196,4,'red','23606','1st','4462.27'),(907,'Maruti Suzuki Ignis [2017-2020] Alpha AMT Petrol',2018,53,50,3,'silver','41176','1st','7806.15'),(908,'Renault Triber RXZ',2020,79,26,4,'red','18798','1st','8563.04'),(909,'Hyundai Xcent [2017-2019] S AT Petrol',2017,36,53,2,'red','36208','1st','7557.61'),(910,'Maruti Suzuki S-Presso VXI+',2019,59,201,4,'orange','24105','1st','5591.96'),(911,'Hyundai Xcent [2017-2019] S AT Petrol',2017,36,52,2,'red','36208','1st','7557.61'),(912,'Volkswagen Polo [2018-2022] Comfortline 1.0L (P)',2018,99,24,4,'silver','26394','1st','7896.52'),(913,'Hyundai Xcent [2017-2019] S AT Petrol',2017,36,52,2,'red','36208','1st','7557.61'),(914,'Hyundai Xcent [2017-2019] S AT Petrol',2017,36,53,2,'silver','22538','2nd','7354.27'),(915,'Hyundai i20 Active [2015-2020] 1.2 SX',2017,28,51,3,'brown','43613','1st','8495.26'),(916,'Hyundai Xcent [2017-2019] S AT Petrol',2017,36,53,2,'silver','22538','2nd','7354.27'),(917,'Hyundai Xcent [2017-2019] S AT Petrol',2017,36,52,2,'silver','22538','2nd','7354.27'),(918,'Hyundai Xcent [2017-2019] S AT Petrol',2017,36,52,2,'silver','22538','2nd','7354.27'),(919,'Hyundai Santro Xing [2007-2014] GLS',2012,31,249,4,'red','34060','1st','3750.56'),(920,'Honda City [2017-2020] ZX CVT',2018,12,169,3,'brown','46006','1st','12788.07'),(921,'Hyundai i20 [2008-2012] Magna 1.2',2011,27,183,4,'white','46251','2nd','4191.14'),(922,'Hyundai i20 Active [2015-2020] 1.2 SX',2018,28,51,3,'brown','35015','2nd','8585.63'),(923,'Ford Freestyle [2017-2021] Titanium 1.2',2020,9,46,3,'red','6886','1st','8506.55'),(924,'Hyundai Eon [2011-2018] Era + (O)',2017,22,253,4,'white','55670','1st','4145.96'),(925,'Hyundai Venue [2019-2021] SX 1.0 (O) Turbo',2020,32,218,6,'white','26020','1st','12618.62'),(926,'Hyundai Grand i10 [2017-2020] Magna 1.2 Kappa VTVT',2018,24,222,3,'silver','38961','1st','6416.63'),(927,'Hyundai Eon [2011-2018] Era +',2013,22,245,4,'white','33440','1st','3445.55'),(928,'Ford EcoSport [2017-2021] Titanium 1.5L Ti-VCT',2019,5,271,3,'grey','11800','1st','10675.55'),(929,'Hyundai Verna SX Opt IVT Petrol',2020,34,68,3,'blue','41843','1st','16357.89'),(930,'Hyundai Grand i10 [2017-2020] Sportz 1.2 Kappa VTVT',2018,24,222,3,'white','13846','2nd','6540.89'),(931,'Maruti Suzuki Alto K10 [2014-2019] VXI AMT (O)',2019,46,191,4,'orange','16712','2nd','5366.02'),(932,'Ford EcoSport [2013-2015] Titanium 1.5L TDCi (Opt)',2015,5,74,4,'red','92474','2nd','7173.52'),(933,'Maruti Suzuki Ciaz [2014-2017] ZXi',2014,49,207,4,'black','44815','1st','7309.08'),(934,'MG Motors Hector 1.5 Sharp DCT AT',2019,69,166,5,'white','7339','1st','20323.09'),(935,'Maruti Suzuki Baleno [2015-2019] Alpha Petrol',2017,47,55,4,'orange','41465','2nd','7693.18'),(936,'Maruti Suzuki Ertiga [2012-2015] ZXi',2013,52,193,4,'grey','67020','1st','7840.04'),(937,'Maruti Suzuki Omni [2011-2019] E 8 STR BS-IV',2014,55,118,2,'white','23885','1st','3705.38'),(938,'Tata Harrier XZ',2019,84,230,6,'orange','62300','1st','19035.25'),(939,'Honda City VX',2020,12,79,6,'white','13209','1st','14844.10'),(940,'Renault Scala [2012-2018] RxZ Diesel',2014,78,254,4,'black','34080','1st','7083.15'),(941,'Hyundai Eon [2011-2018] Era + SE',2013,22,245,4,'red','48721','1st','3682.78'),(942,'Ford EcoSport [2017-2020] Titanium + 1.5L Ti-VCT AT',2018,5,270,5,'white','78061','1st','10562.58'),(943,'Mahindra Scorpio [2014-2017] S10',2015,39,112,4,'blue','41651','1st','12731.59'),(944,'Maruti Suzuki Vitara Brezza [2016-2020] ZDi',2017,65,154,3,'white','28476','1st','10280.16'),(945,'Hyundai New Santro 1.1 Sportz MT',2019,30,29,4,'blue','8842','1st','6382.74'),(946,'Maruti Suzuki Vitara Brezza [2016-2020] VDi (O)',2016,65,154,3,'white','38729','1st','9150.47'),(947,'Volkswagen Ameo [2016-2020] Comfortline 1.2L (P)',2016,97,239,3,'blue','64313','1st','6247.18'),(948,'Maruti Suzuki Ignis [2017-2020] Alpha MT Petrol',2017,53,50,3,'blue','26203','1st','7342.97'),(949,'Maruti Suzuki S-Cross [2015-2020] Zeta 1.3',2016,58,132,3,'brown','52220','1st','9387.71'),(950,'Tata Nexon [2017-2020] XZ Plus Diesel',2018,87,81,5,'red','35730','1st','10777.23'),(951,'Ford Figo Aspire [2019-2021] Titanium Plus 1.2 Ti-VCT',2019,8,272,4,'red','10370','1st','8766.38'),(952,'Maruti Suzuki Dzire [2017-2020] ZXI',2018,50,44,3,'grey','16491','1st','8427.47'),(953,'Hyundai Verna [2017-2020] 1.6 VTVT SX (O)',2018,33,163,5,'brown','35623','2nd','10878.90'),(954,'Honda Amaze [2013-2018] 1.2 S i-VTEC',2016,10,176,4,'brown','60656','1st','6021.24'),(955,'Maruti Suzuki Swift [2017-2021] ZXi Plus',2019,60,283,3,'red','15508','1st','8856.76'),(956,'Maruti Suzuki Alto 800 Vxi Plus',2020,45,150,4,'red','12433','1st','5004.52'),(957,'Maruti Suzuki Dzire [2017-2020] ZXi AMT',2017,50,44,3,'grey','34004','1st','8212.83'),(958,'Volkswagen Polo [2010-2014] Highline1.2L (P)',2013,99,236,4,'grey','53735','1st','5919.57'),(959,'Maruti Suzuki Vitara Brezza [2018-2020] ZDi AMT',2018,65,133,3,'silver','35042','1st','12098.96'),(960,'Hyundai Verna [2017-2020] 1.6 VTVT SX',2018,33,163,5,'orange','57046','1st','10144.60'),(961,'Hyundai Verna [2017-2020] 1.6 VTVT SX',2019,33,163,5,'white','22546','1st','11748.76'),(962,'Maruti Suzuki Vitara Brezza [2018-2020] ZDI PLUS AT Dual Tone',2018,65,154,3,'red','31570','1st','13014.01'),(963,'Honda Jazz [2015-2020] S AT',2015,14,181,3,'white','49536','1st','6732.94'),(964,'Maruti Suzuki Vitara Brezza [2016-2020] VDi',2017,65,154,3,'blue','53719','1st','9545.87'),(965,'Maruti Suzuki Swift [2017-2021] ZXi AMT',2021,60,283,3,'red','10303','1st','9218.26'),(966,'Maruti Suzuki Swift [2017-2021] ZXi Plus',2020,60,283,3,'red','27437','1st','8924.54'),(967,'Renault Captur [2017-2020] RXT Dual Tone',2018,73,67,3,'brown','6603','1st','12008.59'),(968,'Renault Captur [2017-2020] RXT Dual Tone',2017,73,67,3,'brown','16556','2nd','9466.79'),(969,'Maruti Suzuki Ignis [2017-2020] Zeta AMT Petrol',2018,53,50,3,'silver','25626','1st','7489.83'),(970,'Maruti Suzuki Swift [2017-2021] LXI',2021,61,190,3,'blue','9384','1st','6665.16'),(971,'Maruti Suzuki Swift [2017-2021] ZXi Plus',2020,60,283,3,'grey','6104','1st','9466.79'),(972,'Maruti Suzuki Swift [2017-2021] ZXi AMT',2019,60,283,3,'grey','21992','2nd','9365.12'),(973,'Renault Captur [2017-2020] RXT Dual Tone',2018,73,67,3,'orange','54137','1st','9026.21'),(974,'Maruti Suzuki Dzire [2017-2020] ZXi AMT',2017,50,44,3,'blue','33258','1st','8156.35'),(975,'Hyundai Verna [2017-2020] 1.6 VTVT SX',2018,33,163,5,'white','23869','1st','10799.82'),(976,'Hyundai Verna [2017-2020] 1.6 VTVT SX',2019,33,163,5,'white','14831','1st','11601.90');
/*!40000 ALTER TABLE `car_list` ENABLE KEYS */;
UNLOCK TABLES;

--
-- Table structure for table `engines_info`
--

DROP TABLE IF EXISTS `engines_info`;
/*!40101 SET @saved_cs_client     = @@character_set_client */;
/*!50503 SET character_set_client = utf8mb4 */;
CREATE TABLE `engines_info` (
  `Engine_ID` int NOT NULL AUTO_INCREMENT,
  `Engine_Type` text NOT NULL,
  `Fuel_Type` text NOT NULL,
  `CC_Displacement` int NOT NULL,
  `Power(BHP)` text NOT NULL,
  `Torque(Nm)` text NOT NULL,
  `Mileage(kmpl)` text NOT NULL,
  `Emission` text NOT NULL,
  PRIMARY KEY (`Engine_ID`)
) ENGINE=InnoDB AUTO_INCREMENT=512 DEFAULT CHARSET=utf8mb3;
/*!40101 SET character_set_client = @saved_cs_client */;

--
-- Dumping data for table `engines_info`
--

LOCK TABLES `engines_info` WRITE;
/*!40000 ALTER TABLE `engines_info` DISABLE KEYS */;
INSERT INTO `engines_info` VALUES (1,' 1.5L Ti-VCT (Petrol)','petrol',1496,'121','149','21.17','BS IV'),(2,' DDiS Diesel Engine','diesel',1248,'74','190','28.4','BS V'),(3,' K 14B VVT','petrol',1373,'91','130','19.12','BS IV'),(4,' mHawk','diesel',1493,'100','240','18.49','BS V'),(5,'0.8L','petrol',799,'53','72','20.71','BS IV'),(6,'0.8L Petrol Engine','petrol',799,'53.64','72','20.71','BS V'),(7,'1.0 l Kappa Turbo GDi	','petrol',998,'118','172','19.2','BS IV'),(8,'1.0 l Turbo GDi','petrol',998,'118','172','20.2','BS IV'),(9,'1.0 XSDE','diesel',936,'57','150','25.44','BS IV'),(10,'1.0L	','petrol',999,'67','91','21.7','BS IV'),(11,'1.0L	','petrol',1298,'67','91','21.7','BS IV'),(12,'1.0L','petrol',999,'67','91','21.7','BS IV'),(13,'1.0L Ecoboost (Petrol)','petrol',999,'124','170','18.9 ','BS IV'),(14,'1.0L Ecoboost (Petrol)','petrol',1298,'124','170','18.9 ','BS IV'),(15,'1.0L Energy	','petrol',1298,'71','96','19.03','BS IV'),(16,'1.0L Energy	','petrol',1298,'71','96','19.17','BS IV'),(17,'1.0L Energy	','petrol',1298,'71','96','19.7','BS IV'),(18,'1.0L Energy','petrol',999,'71','96','19.17','BS IV'),(19,'1.0L Energy','petrol',1298,'99','152','20.53','BS IV'),(20,'1.0L HRAO Turbo	','petrol',999,'99','152','17.7','BS IV'),(21,'1.0L HRAO Turbo','petrol',999,'99','160','20.0','BS IV'),(22,'1.0L HRAO Turbo','petrol',1298,'99','160','20','BS IV'),(23,'1.0L MPI Petrol','petrol',999,'74.96','95','18.24','BS V'),(24,'1.0L MPI Petrol','petrol',999,'75.01','95','17.74','BS IV'),(25,'1.0L MPI Petrol','petrol',999,'75.1','95','17.74','BS IV'),(26,'1.0L Petrol Engine','petrol',999,'71','96','20','BS IV'),(27,'1.0L Petrol Engine','petrol',999,'71','96','20.0','BS IV'),(28,'1.0L Petrol Engine','petrol',999,'72','96','18.2','BS IV'),(29,'1.1 L Petrol','petrol',1086,'68.07','99.07','20.3','BS IV'),(30,'1.2 i-VTEC Petrol','petrol',1199,'88.51','110','16.6','BS IV'),(31,'1.2 i-VTEC Petrol','petrol',1199,'88.51','110','17.01','BS IV'),(32,'1.2 Kappa	','petrol',1197,'82','114','17.5','BS IV'),(33,'1.2 Kappa Dual VTVT Petrol','petrol',1197,'81','114','16.1','BS IV'),(34,'1.2 Kappa Dual VTVT Petrol','petrol',1197,'81','114','19.1','BS IV'),(35,'1.2 Kappa petrol with dual VTVT, 16 Valves, 4 Cylinder','petrol',1197,'82','115','18.6','BS IV'),(36,'1.2 Kappa petrol with dual VTVT, 16 Valves, 4 Cylinder','petrol',1197,'82','115','18.6','BS V'),(37,'1.2 L Kappa Petrol','petrol',1197,'81.86','113.75','20.07','BS IV'),(38,'1.2 L Kappa Petrol','petrol',1197,'81.86','113.75','20.7','BS IV'),(39,'1.2 l Kappa petrol','petrol',1197,'82','115','21.0','BS IV'),(40,'1.2 L Petrol Engine','petrol',1197,'88.5','113','23.26','BS IV'),(41,'1.2 L Revotron','petrol',1199,'84.82','113','19.05','BS IV'),(42,'1.2 L Revotron','petrol',1199,'108','140','18.1','BS IV'),(43,'1.2 Litre Petrol Engine','petrol',1197,'88.5','113','23.26','BS IV'),(44,'1.2 Litre Petrol Engine','petrol',1197,'88.5','113','23.26','BS V'),(45,'1.2 Litre Petrol Engine','petrol',1197,'88.5','113','24.12','BS V'),(46,'1.2 litre Petrol Engine','petrol',1298,'94.93','119','18.5','BS IV'),(47,'1.2 Litre Petrol Engine','petrol',1499,'88.5','113','24.12','BS V'),(48,'1.2 Litre Petrol Engine','petrol',1696,'88.5','113','24.12','BS V'),(49,'1.2 Revotron','petrol',1199,'84','113','18.9','BS IV'),(50,'1.2-Litre VVT Petrol Engine','petrol',1197,'81.8','113','20.89','BS V'),(51,'1.2L Kappa 5 Speed Manual Transmission','petrol',1197,'82','115','17.19','BS V'),(52,'1.2L Kappa Dual VTVT Petr','petrol',1197,'81.86','113.75','20.14','BS V'),(53,'1.2L Kappa Dual VTVT Petr','petrol',1596,'81.86','113.75','20.14','BS V'),(54,'1.2L VVT Engine','petrol',1197,'81.8','113','19.56','BS V'),(55,'1.2L VVT Engine','petrol',1197,'81.8','113','21.01','BS V'),(56,'1.2L VVT Engine','petrol',1596,'81.8','113','21.01','BS V'),(57,'1.4 U II 6 Speed Manual Transmission','diesel',1396,'89','220','21.19','BS V'),(58,'1.4L GDi Turbo Petrol','petrol',1353,'138','242.2','16.8','BS IV'),(59,'1.5 dCI K9K HP Diesel engine','diesel',1461,'84','200','20.45','BS III'),(60,'1.5 dCI K9K THP Diesel engine','diesel',1461,'84','200','19.87 ','BS V'),(61,'1.5 dCI K9K THP Diesel engine','diesel',1461,'108','248','19.6','BS V'),(62,'1.5 dCI K9K THP Diesel engine','diesel',1596,'108','248','19.6','BS V'),(63,'1.5 Dual VVT-i Engine','petrol',1496,'105.94','140','17.18','BS IV'),(64,'1.5 Dual VVT-i Engine','petrol',1496,'105.94','140','18.1','BS IV'),(65,'1.5 Dual VVT-i Engine','petrol',1596,'105.94','140','17.18','BS IV'),(66,'1.5 Dual VVT-i Engine','petrol',1596,'105.94','140','18.1','BS IV'),(67,'1.5 H4K Petrol','petrol',1498,'105','142','13.87 ','BS V'),(68,'1.5 l MPi	','petrol',1497,'113','144','18.4','BS IV'),(69,'1.5 l MPi','petrol',1497,'113','144','17.7 ','BS IV'),(70,'1.5 L Turbocharged Revotorq','diesel',1497,'89','200','23 ','BS IV'),(71,'1.5 l U2 CRDi','diesel',1493,'113','250','25','BS IV'),(72,'1.5 litre Diesel Engine','diesel',1499,'98.96','215','18.5','BS V'),(73,'1.5 Litre Turbochaged Petrol Engine','petrol',1451,'141','250','11.67','BS IV'),(74,'1.5L DV5 (Diesel)','diesel',1498,'89','204','22.7','BS III'),(75,'1.5L DV5 (Diesel)','diesel',1498,'99','205','22.7','BS IV'),(76,'1.5L i-VTEC','petrol',1497,'118','145','17.3','BS IV'),(77,'1.5L i-VTEC DOHC with VTC Petrol Engine','petrol',1498,'119.35','145','17.0','BS IV'),(78,'1.5L i-VTEC DOHC with VTC Petrol Engine','petrol',1498,'119.35','145','18.4','BS IV'),(79,'1.5L i-VTEC Petrol Engine','petrol',1498,'119.3','145','18.4','BS IV'),(80,'1.5L Petrol','petrol',1498,'104.55','142','16.42','BS IV'),(81,'1.5L Revotorq Turbocharged','diesel',1497,'108.5','260','21.05','BS V'),(82,'1.5L TDI Engine','diesel',1498,'109','250','21.66','BS IV'),(83,'1.5L Ti-VCT (Petrol)','petrol',1499,'109','140','15.8','BS III'),(84,'1.5L Ti-VCT (Petrol)','petrol',1499,'109','140','16.5','BS III'),(85,'1.5L Ti-VCT (Petrol)','petrol',1499,'110','140','15.8','BS IV'),(86,'1.5L Ti-VCT (Petrol)','petrol',1499,'110','140','16.5','BS IV'),(87,'1.5L Turbo Diesel','diesel',1497,'115','300','20','BS IV'),(88,'1.5L, SOHC, 4-cylinder, i-VTEC','petrol',1497,'118','146','10.4','BS IV'),(89,'1.5L, SOHC, 4-cylinder, i-VTEC','petrol',1497,'118','146','17','BS IV'),(90,'1.6L Gamma VTVT 5 Speed Manual Transmission','petrol',1591,'121','158','17.4','BS IV'),(91,'1.6L U2 CRDi VGT 6 Speed Manual Transmission','diesel',1582,'126','260','24.8','BS IV'),(92,'16 Valves, 4 Cylinder','diesel',1396,'89','220','22.54','BS IV'),(93,'16 Valves, 4 Cylinder','diesel',1396,'89','220','22.54','BS V'),(94,'16V DOHC','petrol',1196,'71','102','11','BS III'),(95,'2 cylinder, MPFI, Gasoline','petrol',624,'37','51','23.6','BS IV'),(96,'2.0 L Kryotec','diesel',1956,'140','350','17.0','BS IV'),(97,'2.0-Litre 4-Cyl Multijet','diesel',1956,'170','350','16.3','BS IV'),(98,'2.0-Litre 4-Cyl Multijet','diesel',1956,'170','350','17.1','BS IV'),(99,'2.0-Litre 4-Cyl Multijet','diesel',1956,'170.63','350','17.1','BS IV'),(100,'2.0-Litre 4-Cyl Multijet II Engine','diesel',1956,'170','350','17.1','BS IV'),(101,'2ZR-FE, Gasoline, 4 cylinder inline','petrol',1798,'138','173','16.7','BS IV'),(102,'3 cylinder petrol engine','petrol',1198,'67','104','19.49','BS V'),(103,'4 cylinder inline','diesel',1596,'138','320','19.33','BS IV'),(104,'4 cylinder inline','diesel',1968,'138','320','19.33','BS IV'),(105,'4 cylinder inline','petrol',1598,'103','153','14.4','BS III'),(106,'4 cylinder inline diesel engine','diesel',1598,'103','250','14.3','BS III'),(107,'4 cylinder inline diesel engine','diesel',1598,'105','250','105 bhp @ 4400 RPM','BS III'),(108,'4 cylinder inline petrol','petrol',1198,'86.8','109','19.4','BS III'),(109,'4 cylinder inline petrol engine','petrol',1086,'68.05','99.04','19.81','BS III'),(110,'4 cylinder inline petrol engine','petrol',1197,'68','99.08','19.81','BS III'),(111,'4 cylinder inline petrol engine','petrol',1598,'103','153','14.3','BS III'),(112,'4 cylinder mHawk CRDe diesel engine','diesel',2179,'120','280','15.4','BS IV'),(113,'4 cylinder mHawk CRDe diesel engine','diesel',2179,'140','330','15.1','BS III'),(114,'4 cylinder mHawk CRDe diesel engine','diesel',2179,'140','330','16','BS IV'),(115,'4 cylinder petrol engine	','petrol',1197,'80','104','17.71','BS IV'),(116,'4 cylinder petrol engine','petrol',1496,'80','132','17.57','BS IV'),(117,'4 cylinder petrol engine','petrol',1496,'90','132','17.57','BS IV'),(118,'4 stroke cycle, Water cooled','petrol',796,'34','59','16.8','BS V'),(119,'4-Cylinder 16V, DOHC','petrol',1197,'79','104','18.16','BS V'),(120,'4-Cylinder 16V, DOHC','petrol',1496,'79','104','17.71','BS IV'),(121,'4-Cylinder 16V, DOHC','petrol',1596,'79','104','17.71','BS IV'),(122,'4-Cylinder, SOHC i-VTEC','petrol',1198,'86.9','109','18.0','BS IV'),(123,'624 cc, 2 cylinder, MPFI','petrol',624,'35','48','18.4','BS IV'),(124,'Aluminium 32 bit','petrol',1196,'72.42','98','16.11','BS IV'),(125,'Aluminium 32 bit','petrol',1197,'72.42','98','16.11','BS IV'),(126,'dCi Diesel with Fixed Geometry Turbo','diesel',1461,'108','245','21.04','BS V'),(127,'dCi Diesel with VGT','diesel',1461,'108','245','19.98','BS V'),(128,'dCi THP Diesel Engine','diesel',1461,'83.8','200','19.87','BS III'),(129,'dCi THP Diesel Engine','diesel',1461,'108.45','245','19.6','BS V'),(130,'DDiS ','diesel',1248,'74','190','27.39','BS V'),(131,'DDiS 200','diesel',1248,'74','190','27.39','BS V'),(132,'DDiS 200','diesel',1248,'89','200','23.65','BS V'),(133,'DDiS 200 Diesel Engine','diesel',1248,'88.5','200','24.3','BS V'),(134,'DDiS Diesel Engine','diesel',1248,'74','190','22.9','BS IV'),(135,'DDiS Diesel Engine','diesel',1248,'74','190','23.4','BS IV'),(136,'ddis diesel engine','diesel',1248,'74','190','BS IV','BS V'),(137,'DDiS Diesel Engine','diesel',1248,'89','200','20.77','BS III'),(138,'DDiS Diesel Engine','diesel',1248,'89','200','24.52','BS IV'),(139,'DDis Diesel,CRDI','diesel',1248,'74','190','25.2','BS V'),(140,'Diesel Engine','diesel',1582,'126','260','17.0','BS III'),(141,'Diesel Engine','diesel',1582,'126','260','21.9 ','BS III'),(142,'DOHC Kappa2 Engine','petrol',1197,'78.9','111.8','16.95','BS III'),(143,'DOHC Kappa2 Engine','petrol',1197,'78.9','111.8','20.36','BS III'),(144,'DOHC with Dual VTVT','petrol',1798,'67.05','104','19.02','BS V'),(145,'Ecoboost Petrol Engine','petrol',999,'123.37','170','18.88','BS III'),(146,'F8D','petrol',796,'47.3','69','22.74','BS III'),(147,'F8D','petrol',1496,'48','69','22.74','BS III'),(148,'F8D','petrol',1596,'48','69','22.74','BS III'),(149,'F8D Petrol Engine','petrol',796,'47.3','69','22','BS V'),(150,'F8D Petrol Engine','petrol',796,'47.3','69','22.05','BS IV'),(151,'F8D Petrol Engine','petrol',796,'47.3','69','22.74','BS III'),(152,'F8D Petrol Engine','petrol',796,'47.3','69','24.7','BS V'),(153,'F8D Petrol Engine','petrol',796,'47.33','69','22.05','BS IV'),(154,'Front Wheel Drive','diesel',1248,'89','200','24.3','BS V'),(155,'Front Wheel Drive','diesel',1582,'121','158','24.75','BS V'),(156,'Front Wheel Drive','diesel',1582,'126','260','17.0','BS III'),(157,'Front Wheel Drive','diesel',1582,'126','260','21.9','BS III'),(158,'Front Wheel Drive','diesel',1582,'126','260','24.75','BS V'),(159,'Front Wheel Drive','petrol',1497,'117.3','145','17.8','BS IV'),(160,'Front Wheel Drive','petrol',1582,'121','158','17.01','BS III'),(161,'Front Wheel Drive','petrol',1591,'121','158','16.61','BS III'),(162,'Front Wheel Drive','petrol',1591,'121','158','17.01','BS III'),(163,'Front Wheel Drive','petrol',1591,'121','158','17.4','BS V'),(164,'FWD','diesel',1596,'167.68','350','17.41','BS IV'),(165,'FWD','diesel',1956,'167.68','350','17.41','BS IV'),(166,'FWD','petrol',1451,'141','250','13.96','BS IV'),(167,'FWD','petrol',1451,'141','250','15.81','BS IV'),(168,'FWD','petrol',1599,'103','147','11.8','BS IV'),(169,'i VTEC Engine','petrol',1196,'117.6','145','18','BS V'),(170,'i VTEC Engine','petrol',1497,'117.3','145','17.8','BS IV'),(171,'i VTEC Engine','petrol',1497,'117.3','145','18','BS IV'),(172,'i VTEC Engine','petrol',1497,'117.6','145','17.4','BS IV'),(173,'i VTEC Engine','petrol',1497,'117.6','145','17.4','BS V'),(174,'i-DTEC','diesel',1199,'79','160','21','BS IV'),(175,'i-DTEC Diesel engine','diesel',1498,'97.89','200','23.7','BS IV'),(176,'i-VTEC Petrol Engine','petrol',1198,'86.7','109','18','BS IV'),(177,'i-VTEC Petrol engine','petrol',1199,'88.5','110','16.5','BS IV'),(178,'i-VTEC Petrol Engine','petrol',1199,'88.7','110','18.7','BS V'),(179,'i-VTEC Petrol Engine','petrol',1199,'88.76','110','18.3','BS IV'),(180,'i-VTEC Petrol Engine','petrol',1199,'88.76','110','18.6','BS IV'),(181,'i-VTEC Petrol Engine','petrol',1199,'88.76','110','19','BS V'),(182,'In-Line Engine','petrol',796,'46.3','62','19.7','BS IV'),(183,'In-Line Engine','petrol',1197,'80','112','18.5','BS IV'),(184,'In-Line Engine','petrol',1197,'85','113','16.1','BS IV'),(185,'In-Line Engine','petrol',1298,'85.8','114','17.5','BS IV'),(186,'inline 4 cylinder petrol engine','petrol',1197,'85','113','18.5','BS IV'),(187,'K 14B VVT','petrol',1373,'91','130','19.12','BS IV'),(188,'K Series Petrol Engine','petrol',998,'67.1','90','18.9','BS V'),(189,'K Series Petrol Engine','petrol',998,'67.1','90','20.92','BS IV'),(190,'K Series Petrol Engine','petrol',1197,'85.8','114','18.6','BS IV'),(191,'K Series Petrol Engine','petrol',1798,'67.1','90','23.95','BS V'),(192,'K Series VVT Engine','petrol',1197,'85.8','114','19.1','BS IV'),(193,'K-Series Petrol Engine with VVT','petrol',1373,'93.7','130','16.02','BS III'),(194,'K10B','petrol',998,'67','90','16.98','BS IV'),(195,'K10B','petrol',998,'67','90','23.1','BS IV'),(196,'K10B','petrol',998,'67','90','24.07','BS V'),(197,'K10B','petrol',998,'67.04','90','23.1','BS IV'),(198,'K10B','petrol',998,'67.1','90','20.92','BS IV'),(199,'K10B Engine','petrol',998,'67.04','90','21.63','BS IV'),(200,'K10B Engine','petrol',998,'67.04','90','23.1','BS IV'),(201,'K10B Petrol Engine','petrol',998,'67','90','21.01','BS IV'),(202,'K10B Petrol Engine','petrol',998,'67','90','21.7','BS IV'),(203,'K10B Petrol Engine','petrol',998,'67.05','90','21.79','BS V'),(204,'K10B Petrol Engine','petrol+cng',998,'58','78','31.19 ','BS IV'),(205,'K10B Petrol Engine','petrol+cng',998,'67','90','31.19 ','BS IV'),(206,'K12M Petrol Engine','petrol',1197,'81.8','113','20.52','BS V'),(207,'k14B VVT Engine','petrol',1373,'91','130','20.73','BS IV'),(208,'k14B VVT Engine','petrol',1373,'91.1','130','20.73','BS IV'),(209,'K15 Smart Hybrid Petrol E','petrol',1462,'103.25','138','20','BS IV'),(210,'K15 Smart Hybrid Petrol E','petrol',1462,'103.25','138','20.0','BS IV'),(211,'K15 Smart Hybrid Petrol E','petrol',1462,'103.25','138','20.65','BS IV'),(212,'K15 Smart Hybrid Petrol E','petrol',1499,'103.25','138','20.65','BS IV'),(213,'K15 Smart Hybrid Petrol E','petrol',1696,'103.25','138','20.65','BS IV'),(214,'K15B Smart Hybrid','petrol',1462,'103.25','138','18.55','BS IV'),(215,'Kappa 1.0 L Turbo GDi Petrol','petrol',998,'118.35','171.6','18.15','BS V'),(216,'Kappa 1.0 L Turbo GDi Petrol','petrol',998,'118.35','171.6','18.27','BS IV'),(217,'Kappa 1.0 L Turbo GDi Petrol','petrol',998,'118.35','171.6','18.27','BS V'),(218,'Kappa 1.0 L Turbo GDi Petrol','petrol',1798,'118.35','171.6','18.27','BS V'),(219,'Kappa Engine','petrol',814,'68.05','94.14','20.03','BS IV'),(220,'Kappa Petrol Engine','petrol',1197,'78.9','111.7','20.36','BS III'),(221,'Kappa VTVT Petrol Engine','petrol',1197,'81.83','114.7','18.6','BS IV'),(222,'Kappa VTVT Petrol Engine','petrol',1197,'81.86','113.75','18.9','BS V'),(223,'Kappa VTVT Petrol Engine','petrol',1197,'81.86','117','18.6','BS V'),(224,'Kappa VTVT Petrol Engine','petrol',1197,'82','114','18.9','BS IV'),(225,'Kappa VTVT Petrol Engine','petrol',1197,'82','114','19.1','BS IV'),(226,'Kappa VTVT Petrol Engine','petrol',1197,'82.85','113','18.5','BS IV'),(227,'Kappa VTVT Petrol Engine','petrol',1197,'82.85','113.7','18.5','BS IV'),(228,'Kappa VTVT Petrol Engine','petrol',1197,'82.85','113.7','18.6','BS V'),(229,'KB Series','petrol',1197,'85','113','18.5','BS IV'),(230,'Kryotec 2.0 L Turbocharge','diesel',1956,'138','350','17','BS IV'),(231,'Kryotec 2.0 L Turbocharge','diesel',1956,'138','350','17.0','BS IV'),(232,'Kryotec 2.0 L Turbocharged Engine','diesel',1956,'167.67','350','17.0','BS IV'),(233,'mHawk Diesel Engine','diesel',2179,'138.13','320','16.36','BS V'),(234,'MPI Petrol Engine','petrol',1198,'73.75','110','17','BS V'),(235,'MPI Petrol Engine','petrol',1198,'73.75','110','17.0','BS V'),(236,'MPI Petrol Engine','petrol',1198,'73.9','110','16.47','BS IV'),(237,'MPI Petrol Engine','petrol',1199,'74','110','16.2','BS IV'),(238,'MPI Petrol Engine','petrol',1199,'74','110','16.2','BS V'),(239,'MPI Petrol Engine','petrol',1298,'73.75','110','17','BS V'),(240,'MPI Petrol Engine','petrol',1598,'103.2','153','16.09','BS III'),(241,'Multijet/DDis','diesel',1248,'75','190','15.6','BS IV'),(242,'Petrol Dual VTVT','petrol',1591,'122','154','15.29','BS IV'),(243,'Petrol Engine','petrol',799,'53.3','72','25.12','BS V'),(244,'Petrol Engine','petrol',799,'53.3','72','25.17','BS V'),(245,'Petrol Engine','petrol',814,'55.2','74.5','21.1','BS IV'),(246,'Petrol Engine','petrol',999,'67','91','22.0','BS IV'),(247,'Petrol Engine','petrol',999,'67','91','22.0','BS V'),(248,'Petrol Engine','petrol',999,'67','91','23.01','BS V'),(249,'Petrol Engine','petrol',1086,'62.1','96.1','17.92','BS IV'),(250,'Petrol Engine','petrol',1197,'81.8','113','21.01','BS V'),(251,'Petrol Engine','petrol',1298,'67','91','22','BS IV'),(252,'Petrol Engine','petrol',1596,'81.8','113','21.01','BS V'),(253,'Petrol Engine','petrol',1798,'55.2','74.5','21.1','BS IV'),(254,'Renault K9K Diesel engine','diesel',1461,'85','200','21.64','BS IV'),(255,'Revotron 1.2 T','petrol',1193,'89','140','17.57','BS V'),(256,'Revotron Engine','petrol',1199,'84','114','23.84','BS V'),(257,'Revotron Engine','petrol',1199,'85','113','20.0','BS IV'),(258,'S-TEC II','petrol',1199,'79','108','18.6','BS IV'),(259,'Smartstream G1.4 T-GDi','petrol',1353,'138','242','16.1','BS IV'),(260,'Smartstream G1.4 T-GDi','petrol',1353,'138','242','16.8','BS IV'),(261,'Smartstream G1.5','petrol',1497,'113.4','114','16.8','BS IV'),(262,'TDCi','diesel',1498,'99','215','25.83','BS V'),(263,'TDCi Diesel Engine','diesel',1498,'98.86','215','21.7','BS IV'),(264,'TDCi Diesel Engine','diesel',1498,'98.96','215','21.7','BS III'),(265,'TDCi Diesel Engine','diesel',1499,'98.96','215','24.4','BS V'),(266,'TDCi Diesel Engine','diesel',1596,'98.96','215','24.4','BS V'),(267,'TDI Diesel Engine','diesel',1498,'88','230','20.18','BS IV'),(268,'TDI Diesel Engine','diesel',1498,'88','230','20.18','BS V'),(269,'Ti-VCT Petrol Engine','petrol',1194,'94.93','119','18.5','BS V'),(270,'Ti-VCT Petrol Engine','petrol',1496,'120.69','149','14.7','BS V'),(271,'Ti-VCT Petrol Engine','petrol',1496,'120.69','149','15.9','BS IV'),(272,'Ti-VCT Petrol Engine','petrol',1798,'94.93','119','18.5','BS V'),(273,'TSI Engine','petrol',1197,'103','175','18.19','BS V'),(274,'Turbocharged petrol engine, in-line, liquid cooling system, direct injection, 16V DOHC, transverse in front','petrol',1798,'158','250','13.1','BS III'),(275,'Turbocharged petrol engine, in-line, liquid cooling system, direct injection, 16V DOHC, transverse in front','petrol',1798,'177','250','14.67','BS V'),(276,'U2 CRDI Diesel Engine','diesel',1396,'88.73','219.7','22.54','BS IV'),(277,'U2 VGT CRDi','diesel',1582,'126','260','15.8','BS V'),(278,'U2 VGT CRDi','diesel',1582,'126','265','17.01','BS IV'),(279,'U2 VGT CRDi','diesel',1582,'126','265','19.67','BS IV'),(280,'U2 VGT CRDi','diesel',1596,'126','265','17.01','BS IV'),(281,'VCDi 16V SOHC','diesel',1991,'164','380','14.81','BS IV'),(282,'VCDi 16V SOHC','diesel',1991,'164','380','17.0','BS IV'),(283,'VTVT Engine','petrol',1197,'81.8','113','21.21','BS IV'),(284,'VTVT Petrol Engine','petrol',1591,'121.3','151','15.8','BS V'),(285,'VTVT Petrol Engine','petrol',1591,'121.3','151','17','BS V'),(286,'VTVT Petrol Engine','petrol',1591,'121.3','154.9','17.0','BS IV'),(287,'VTVT Petrol Engine','petrol',1696,'121.33','151','16.8','BS V'),(288,'XSDE Smartech','diesel',936,'58','150','25.44','BS IV');
/*!40000 ALTER TABLE `engines_info` ENABLE KEYS */;
UNLOCK TABLES;

--
-- Table structure for table `make_model_info`
--

DROP TABLE IF EXISTS `make_model_info`;
/*!40101 SET @saved_cs_client     = @@character_set_client */;
/*!50503 SET character_set_client = utf8mb4 */;
CREATE TABLE `make_model_info` (
  `Make_Model_ID` int NOT NULL AUTO_INCREMENT,
  `Make` text NOT NULL,
  `Model` text NOT NULL,
  `Body_Type` text NOT NULL,
  `Seating_Capacity` int NOT NULL,
  `Fuel_Tank_Capacity(l)` int NOT NULL,
  PRIMARY KEY (`Make_Model_ID`)
) ENGINE=InnoDB AUTO_INCREMENT=128 DEFAULT CHARSET=utf8mb3;
/*!40101 SET character_set_client = @saved_cs_client */;

--
-- Dumping data for table `make_model_info`
--

LOCK TABLES `make_model_info` WRITE;
/*!40000 ALTER TABLE `make_model_info` DISABLE KEYS */;
INSERT INTO `make_model_info` VALUES (1,'Chevrolet','Beat','hatchback',5,35),(2,'Chevrolet','Cruze','sedan',5,60),(3,'Datsun','GO','hatchback',5,35),(4,'Datsun','Redi-GO','hatchback',5,28),(5,'Ford','EcoSport','suv',5,52),(6,'Ford','Figo','hatchback',5,40),(7,'Ford','Figo','hatchback',5,45),(8,'Ford','Figo Aspire','sedan',5,42),(9,'Ford','Freestyle','crossover',5,42),(10,'Honda','Amaze','sedan',5,35),(11,'Honda','Brio','hatchback',5,35),(12,'Honda','City','sedan',5,40),(13,'Honda','City','sedan',5,42),(14,'Honda','Jazz','hatchback',5,40),(15,'Honda','Mobilio','muv',7,42),(16,'Honda','WR-V','suv',5,40),(17,'Hyundai','Creta','suv',5,50),(18,'Hyundai','Creta','suv',5,55),(19,'Hyundai','Creta','suv',5,60),(20,'Hyundai','Elite i20','hatchback',5,40),(21,'Hyundai','Elite i20','hatchback',5,45),(22,'Hyundai','Eon','hatchback',5,32),(23,'Hyundai','Fluidic Verna 4S','sedan',5,43),(24,'Hyundai','Grand i10','hatchback',5,43),(25,'Hyundai','Grand i10 Nios','hatchback',5,37),(26,'Hyundai','i10','hatchback',5,35),(27,'Hyundai','i20','hatchback',5,45),(28,'Hyundai','i20 Active','crossover',5,45),(29,'Hyundai','New i20','hatchback',5,37),(30,'Hyundai','New Santro 1.1','hatchback',5,35),(31,'Hyundai','Santro Xing','hatchback',5,35),(32,'Hyundai','Venue','suv',5,45),(33,'Hyundai','Verna','sedan',5,43),(34,'Hyundai','Verna','sedan',5,45),(35,'Hyundai','Verna Transform','sedan',5,45),(36,'Hyundai','Xcent','sedan',5,43),(37,'Jeep','Compass','suv',5,60),(38,'Kia','Seltos','suv',5,50),(39,'Mahindra','Scorpio','suv',7,60),(40,'Mahindra','TUV300','suv',7,60),(41,'Mahindra','XUV 300','suv',5,42),(42,'Mahindra','XUV500','suv',7,70),(43,'Maruti Suzuki','A-Star','hatchback',5,35),(44,'Maruti Suzuki','Alto','hatchback',5,35),(45,'Maruti Suzuki','Alto 800','hatchback',5,35),(46,'Maruti Suzuki','Alto K10','hatchback',5,35),(47,'Maruti Suzuki','Baleno','hatchback',5,37),(48,'Maruti Suzuki','Celerio','hatchback',5,35),(49,'Maruti Suzuki','Ciaz','sedan',5,43),(50,'Maruti Suzuki','Dzire','sedan',5,37),(51,'Maruti Suzuki','Eeco','muv',5,40),(52,'Maruti Suzuki','Ertiga','muv',7,45),(53,'Maruti Suzuki','Ignis','hatchback',5,32),(54,'Maruti Suzuki','Omni','muv',5,36),(55,'Maruti Suzuki','Omni','muv',8,36),(56,'Maruti Suzuki','Ritz','hatchback',5,43),(57,'Maruti Suzuki','Ritz','hatchback',5,45),(58,'Maruti Suzuki','S-Cross','suv',5,48),(59,'Maruti Suzuki','S-Presso','hatchback',5,27),(60,'Maruti Suzuki','Swift','hatchback',5,37),(61,'Maruti Suzuki','Swift','hatchback',5,42),(62,'Maruti Suzuki','Swift','hatchback',5,43),(63,'Maruti Suzuki','Swift Dzire','sedan',5,42),(64,'Maruti Suzuki','Swift Dzire','sedan',5,43),(65,'Maruti Suzuki','Vitara Brezza','suv',5,48),(66,'Maruti Suzuki','Wagon R 1.0','hatchback',5,32),(67,'Maruti Suzuki','Wagon R 1.0','hatchback',5,35),(68,'Maruti Suzuki','Wagon R 1.2','hatchback',5,32),(69,'MG Motors','Hector','suv',5,60),(70,'MG Motors','Hector Plus','suv',6,60),(71,'Nissan','Magnite','suv',5,40),(72,'Nissan','Micra Active','hatchback',5,41),(73,'Renault','Captur','suv',5,50),(74,'Renault','Duster','suv',5,50),(75,'Renault','Kiger','suv',5,40),(76,'Renault','Kwid','hatchback',5,28),(77,'Renault','Lodgy','muv',8,50),(78,'Renault','Scala','sedan',5,41),(79,'Renault','Triber','muv',7,40),(80,'Skoda','Rapid','sedan',5,55),(81,'Skoda','Superb','sedan',5,60),(82,'Skoda','Superb','sedan',5,66),(83,'Tata','Altroz','hatchback',5,37),(84,'Tata','Harrier','suv',5,50),(85,'Tata','Nano','hatchback',4,15),(86,'Tata','Nano GenX','hatchback',5,24),(87,'Tata','Nexon','suv',5,44),(88,'Tata','Punch','suv',5,37),(89,'Tata','Safari','suv',7,50),(90,'Tata','Tiago','hatchback',5,35),(91,'Tata','Zest','sedan',5,44),(92,'Toyota','Corolla Altis','sedan',5,55),(93,'Toyota','Etios','sedan',5,45),(94,'Toyota','Etios Liva','hatchback',5,45),(95,'Toyota','Glanza','hatchback',5,37),(96,'Toyota','Yaris','sedan',5,42),(97,'Volkswagen','Ameo','sedan',5,45),(98,'Volkswagen','Jetta','sedan',5,55),(99,'Volkswagen','Polo','hatchback',5,45),(100,'Volkswagen','Vento','sedan',5,55);
/*!40000 ALTER TABLE `make_model_info` ENABLE KEYS */;
UNLOCK TABLES;

--
-- Table structure for table `transmission_info`
--

DROP TABLE IF EXISTS `transmission_info`;
/*!40101 SET @saved_cs_client     = @@character_set_client */;
/*!50503 SET character_set_client = utf8mb4 */;
CREATE TABLE `transmission_info` (
  `Transmission_ID` int NOT NULL AUTO_INCREMENT,
  `Transmission` text NOT NULL,
  `Transmission_Type` text NOT NULL,
  PRIMARY KEY (`Transmission_ID`)
) ENGINE=InnoDB AUTO_INCREMENT=16 DEFAULT CHARSET=utf8mb3;
/*!40101 SET character_set_client = @saved_cs_client */;

--
-- Dumping data for table `transmission_info`
--

LOCK TABLES `transmission_info` WRITE;
/*!40000 ALTER TABLE `transmission_info` DISABLE KEYS */;
INSERT INTO `transmission_info` VALUES (1,'4-Speed','Automatic'),(2,'4-Speed','Manual'),(3,'5-Speed','Automatic'),(4,'5-Speed','Manual'),(5,'6-Speed','Automatic'),(6,'6-Speed','Manual'),(7,'7-Speed','Automatic'),(8,'7-Speed','Manual'),(9,'CVT','Automatic');
/*!40000 ALTER TABLE `transmission_info` ENABLE KEYS */;
UNLOCK TABLES;

--
-- Final view structure for view `car_details`
--

/*!50001 DROP VIEW IF EXISTS `car_details`*/;
/*!50001 SET @saved_cs_client          = @@character_set_client */;
/*!50001 SET @saved_cs_results         = @@character_set_results */;
/*!50001 SET @saved_col_connection     = @@collation_connection */;
/*!50001 SET character_set_client      = utf8mb4 */;
/*!50001 SET character_set_results     = utf8mb4 */;
/*!50001 SET collation_connection      = utf8mb4_0900_ai_ci */;
/*!50001 CREATE ALGORITHM=UNDEFINED */
/*!50013 DEFINER=`test_user`@`localhost` SQL SECURITY DEFINER */
/*!50001 VIEW `car_details` AS select `car_list`.`Car_ID` AS `Car_ID`,`car_list`.`Car_Name` AS `Car_Name`,`car_list`.`Make_Year` AS `Make_Year`,`car_list`.`Color` AS `Color`,`car_list`.`Mileage_Run` AS `Mileage_Run`,`car_list`.`No_of_Owners` AS `No_of_Owners`,`engines_info`.`Engine_Type` AS `Engine_Type`,`engines_info`.`Fuel_Type` AS `Fuel_Type`,`engines_info`.`CC_Displacement` AS `CC_Displacement`,`engines_info`.`Power(BHP)` AS `Power(BHP)`,`engines_info`.`Torque(Nm)` AS `Torque(Nm)`,`engines_info`.`Mileage(kmpl)` AS `Mileage(kmpl)`,`engines_info`.`Emission` AS `Emission`,`make_model_info`.`Make` AS `Make`,`make_model_info`.`Model` AS `Model`,`make_model_info`.`Body_Type` AS `Body_Type`,`make_model_info`.`Seating_Capacity` AS `Seating_Capacity`,`make_model_info`.`Fuel_Tank_Capacity(l)` AS `Fuel_Tank_Capacity(l)`,`transmission_info`.`Transmission` AS `Transmission`,`transmission_info`.`Transmission_Type` AS `Transmission_Type`,`car_list`.`Price` AS `Price` from (((`car_list` join `engines_info` on((`car_list`.`Engine_ID` = `engines_info`.`Engine_ID`))) join `make_model_info` on((`car_list`.`Make_Model_ID` = `make_model_info`.`Make_Model_ID`))) join `transmission_info` on((`car_list`.`Transmission_ID` = `transmission_info`.`Transmission_ID`))) */;
/*!50001 SET character_set_client      = @saved_cs_client */;
/*!50001 SET character_set_results     = @saved_cs_results */;
/*!50001 SET collation_connection      = @saved_col_connection */;
/*!40103 SET TIME_ZONE=@OLD_TIME_ZONE */;

/*!40101 SET SQL_MODE=@OLD_SQL_MODE */;
/*!40014 SET FOREIGN_KEY_CHECKS=@OLD_FOREIGN_KEY_CHECKS */;
/*!40014 SET UNIQUE_CHECKS=@OLD_UNIQUE_CHECKS */;
/*!40101 SET CHARACTER_SET_CLIENT=@OLD_CHARACTER_SET_CLIENT */;
/*!40101 SET CHARACTER_SET_RESULTS=@OLD_CHARACTER_SET_RESULTS */;
/*!40101 SET COLLATION_CONNECTION=@OLD_COLLATION_CONNECTION */;
/*!40111 SET SQL_NOTES=@OLD_SQL_NOTES */;

-- Dump completed on 2024-05-14 15:13:02
